filename,source_id,source_page,source_name,source_url,search_url,preview_url,author,crop_index,estimated_model,confidence,bbox_x,bbox_y,bbox_width,bbox_height,score,output_width,output_height
freepik_estimated-steam-locomotive_10606398_01_different-trains-set-locomotive-passenger-carria.png,10606398,1,"Different trains set. Locomotive, passenger carriage, freight wagon, tank car, commuter rail. Vector illustrations for travel, commuting, cargo, railway transport concept",https://www.freepik.com/free-vector/different-trains-set-locomotive-passenger-carriage-freight-wagon-tank-car-commuter-rail-vector-illustrations-travel-commuting-cargo-railway-transport-concept_10606398.htm,https://www.freepik.com/vectors/locomotive,https://img.freepik.com/free-vector/different-trains-set-locomotive-passenger-carriage-freight-wagon-tank-car-commuter-rail-vector-illustrations-travel-commuting-cargo-railway-transport-concept_74855-9853.jpg,pch.vector,1,steam locomotive,estimated,7,7,421,90,898.77,420,98
freepik_estimated-steam-locomotive_10606398_02_different-trains-set-locomotive-passenger-carria.png,10606398,1,"Different trains set. Locomotive, passenger carriage, freight wagon, tank car, commuter rail. Vector illustrations for travel, commuting, cargo, railway transport concept",https://www.freepik.com/free-vector/different-trains-set-locomotive-passenger-carriage-freight-wagon-tank-car-commuter-rail-vector-illustrations-travel-commuting-cargo-railway-transport-concept_10606398.htm,https://www.freepik.com/vectors/locomotive,https://img.freepik.com/free-vector/different-trains-set-locomotive-passenger-carriage-freight-wagon-tank-car-commuter-rail-vector-illustrations-travel-commuting-cargo-railway-transport-concept_74855-9853.jpg,pch.vector,2,steam locomotive,estimated,0,101,440,74,1090.09,421,78
freepik_estimated-steam-locomotive_10606398_03_different-trains-set-locomotive-passenger-carria.png,10606398,1,"Different trains set. Locomotive, passenger carriage, freight wagon, tank car, commuter rail. Vector illustrations for travel, commuting, cargo, railway transport concept",https://www.freepik.com/free-vector/different-trains-set-locomotive-passenger-carriage-freight-wagon-tank-car-commuter-rail-vector-illustrations-travel-commuting-cargo-railway-transport-concept_10606398.htm,https://www.freepik.com/vectors/locomotive,https://img.freepik.com/free-vector/different-trains-set-locomotive-passenger-carriage-freight-wagon-tank-car-commuter-rail-vector-illustrations-travel-commuting-cargo-railway-transport-concept_74855-9853.jpg,pch.vector,3,steam locomotive,estimated,0,177,622,88,1671.78,600,106
freepik_estimated-steam-locomotive_10155542_01_vintage-monochrome-locomotive-elements-collectio.png,10155542,1,Vintage Monochrome Locomotive Elements Collection,https://www.freepik.com/free-vector/vintage-monochrome-locomotive-elements-collection_10155542.htm,https://www.freepik.com/vectors/locomotive,https://img.freepik.com/free-vector/vintage-monochrome-locomotive-elements-collection_1284-40154.jpg,macrovector,1,steam locomotive,estimated,0,1,626,146,1369.91,622,160
freepik_estimated-steam-locomotive_10155542_02_vintage-monochrome-locomotive-elements-collectio.png,10155542,1,Vintage Monochrome Locomotive Elements Collection,https://www.freepik.com/free-vector/vintage-monochrome-locomotive-elements-collection_10155542.htm,https://www.freepik.com/vectors/locomotive,https://img.freepik.com/free-vector/vintage-monochrome-locomotive-elements-collection_1284-40154.jpg,macrovector,2,steam locomotive,estimated,0,115,337,64,806.95,420,88
freepik_estimated-steam-locomotive_10155542_03_vintage-monochrome-locomotive-elements-collectio.png,10155542,1,Vintage Monochrome Locomotive Elements Collection,https://www.freepik.com/free-vector/vintage-monochrome-locomotive-elements-collection_10155542.htm,https://www.freepik.com/vectors/locomotive,https://img.freepik.com/free-vector/vintage-monochrome-locomotive-elements-collection_1284-40154.jpg,macrovector,3,steam locomotive,estimated,373,348,247,95,394.92,420,190
freepik_estimated-steam-locomotive_10155542_04_vintage-monochrome-locomotive-elements-collectio.png,10155542,1,Vintage Monochrome Locomotive Elements Collection,https://www.freepik.com/free-vector/vintage-monochrome-locomotive-elements-collection_10155542.htm,https://www.freepik.com/vectors/locomotive,https://img.freepik.com/free-vector/vintage-monochrome-locomotive-elements-collection_1284-40154.jpg,macrovector,4,steam locomotive,estimated,5,441,176,85,243.64,420,227
freepik_estimated-steam-locomotive_10155542_05_vintage-monochrome-locomotive-elements-collectio.png,10155542,1,Vintage Monochrome Locomotive Elements Collection,https://www.freepik.com/free-vector/vintage-monochrome-locomotive-elements-collection_10155542.htm,https://www.freepik.com/vectors/locomotive,https://img.freepik.com/free-vector/vintage-monochrome-locomotive-elements-collection_1284-40154.jpg,macrovector,5,steam locomotive,estimated,0,505,626,117,1507.87,620,134
freepik_estimated-train-sideview_10538205_01_vintage-train-logo-isolated-white.png,10538205,1,Vintage Train Logo isolated on white,https://www.freepik.com/free-vector/vintage-train-logo-isolated-white_10538205.htm,https://www.freepik.com/vectors/locomotive,https://img.freepik.com/free-vector/vintage-train-logo-isolated-white_126523-835.jpg,sentavio,1,generic train side-view,estimated,147,250,332,68,749.59,420,122
freepik_estimated-train-sideview_10538205_02_vintage-train-logo-isolated-white.png,10538205,1,Vintage Train Logo isolated on white,https://www.freepik.com/free-vector/vintage-train-logo-isolated-white_10538205.htm,https://www.freepik.com/vectors/locomotive,https://img.freepik.com/free-vector/vintage-train-logo-isolated-white_126523-835.jpg,sentavio,2,generic train side-view,estimated,219,304,188,41,451.15,420,127
freepik_estimated-train-sideview_4619090_01_logistic-icon-train.png,4619090,1,Logistic icon train,https://www.freepik.com/free-vector/logistic-icon-train_4619090.htm,https://www.freepik.com/vectors/locomotive,https://img.freepik.com/free-vector/logistic-icon-train_98292-5233.jpg,macrovector_official,1,generic train side-view,estimated,170,538,287,42,855.62,420,71
freepik_estimated-metro-emu_10603289_01_train-sky-train-subway-icons-set-passenger-publi.png,10603289,1,"Train, sky train, subway icons set. Passenger and public transport symbols. Transportation travel, vehicle traffic,",https://www.freepik.com/free-vector/train-sky-train-subway-icons-set-passenger-public-transport-symbols-transportation-travel-vehicle-traffic_10603289.htm,https://www.freepik.com/vectors/locomotive,https://img.freepik.com/free-vector/train-sky-train-subway-icons-set-passenger-public-transport-symbols-transportation-travel-vehicle-traffic_1284-42626.jpg,macrovector,1,metro EMU,estimated,50,22,526,104,1176.22,498,116
freepik_estimated-metro-emu_10603289_02_train-sky-train-subway-icons-set-passenger-publi.png,10603289,1,"Train, sky train, subway icons set. Passenger and public transport symbols. Transportation travel, vehicle traffic,",https://www.freepik.com/free-vector/train-sky-train-subway-icons-set-passenger-public-transport-symbols-transportation-travel-vehicle-traffic_10603289.htm,https://www.freepik.com/vectors/locomotive,https://img.freepik.com/free-vector/train-sky-train-subway-icons-set-passenger-public-transport-symbols-transportation-travel-vehicle-traffic_1284-42626.jpg,macrovector,2,metro EMU,estimated,46,109,534,138,1043.79,506,147
freepik_estimated-metro-emu_10603289_03_train-sky-train-subway-icons-set-passenger-publi.png,10603289,1,"Train, sky train, subway icons set. Passenger and public transport symbols. Transportation travel, vehicle traffic,",https://www.freepik.com/free-vector/train-sky-train-subway-icons-set-passenger-public-transport-symbols-transportation-travel-vehicle-traffic_10603289.htm,https://www.freepik.com/vectors/locomotive,https://img.freepik.com/free-vector/train-sky-train-subway-icons-set-passenger-public-transport-symbols-transportation-travel-vehicle-traffic_1284-42626.jpg,macrovector,3,metro EMU,estimated,68,248,490,129,944.04,464,139
freepik_estimated-metro-emu_10603289_04_train-sky-train-subway-icons-set-passenger-publi.png,10603289,1,"Train, sky train, subway icons set. Passenger and public transport symbols. Transportation travel, vehicle traffic,",https://www.freepik.com/free-vector/train-sky-train-subway-icons-set-passenger-public-transport-symbols-transportation-travel-vehicle-traffic_10603289.htm,https://www.freepik.com/vectors/locomotive,https://img.freepik.com/free-vector/train-sky-train-subway-icons-set-passenger-public-transport-symbols-transportation-travel-vehicle-traffic_1284-42626.jpg,macrovector,4,metro EMU,estimated,74,361,479,141,875.37,454,150
freepik_estimated-metro-emu_10603289_05_train-sky-train-subway-icons-set-passenger-publi.png,10603289,1,"Train, sky train, subway icons set. Passenger and public transport symbols. Transportation travel, vehicle traffic,",https://www.freepik.com/free-vector/train-sky-train-subway-icons-set-passenger-public-transport-symbols-transportation-travel-vehicle-traffic_10603289.htm,https://www.freepik.com/vectors/locomotive,https://img.freepik.com/free-vector/train-sky-train-subway-icons-set-passenger-public-transport-symbols-transportation-travel-vehicle-traffic_1284-42626.jpg,macrovector,5,metro EMU,estimated,35,498,556,106,1263.94,528,108
freepik_estimated-rail-car_53400237_01_vintage-passenger-carriage-set-with-car-balloon.png,53400237,1,Vintage passenger carriage set with car and balloon realistic isolated vector illustration,https://www.freepik.com/free-vector/vintage-passenger-carriage-set-with-car-balloon-realistic-isolated-vector-illustration_53400237.htm,https://www.freepik.com/vectors/locomotive,https://img.freepik.com/free-vector/vintage-passenger-carriage-set-with-car-balloon-realistic-isolated-vector-illustration_1284-83125.jpg,macrovector,1,rail car / wagon,estimated,18,28,599,135,1252.35,569,148
freepik_estimated-rail-car_53400237_02_vintage-passenger-carriage-set-with-car-balloon.png,53400237,1,Vintage passenger carriage set with car and balloon realistic isolated vector illustration,https://www.freepik.com/free-vector/vintage-passenger-carriage-set-with-car-balloon-realistic-isolated-vector-illustration_53400237.htm,https://www.freepik.com/vectors/locomotive,https://img.freepik.com/free-vector/vintage-passenger-carriage-set-with-car-balloon-realistic-isolated-vector-illustration_1284-83125.jpg,macrovector,2,rail car / wagon,estimated,154,143,464,199,702.73,464,223
freepik_estimated-train-sideview_8314399_01_cargo-train-rail-road-template.png,8314399,1,Cargo train on a rail road template,https://www.freepik.com/free-vector/cargo-train-rail-road-template_8314399.htm,https://www.freepik.com/vectors/locomotive,https://img.freepik.com/free-vector/cargo-train-rail-road-template_73621-1023.jpg,pongpongching,1,generic train side-view,estimated,12,15,583,157,1116.59,556,150
freepik_estimated-train-sideview_8314399_02_cargo-train-rail-road-template.png,8314399,1,Cargo train on a rail road template,https://www.freepik.com/free-vector/cargo-train-rail-road-template_8314399.htm,https://www.freepik.com/vectors/locomotive,https://img.freepik.com/free-vector/cargo-train-rail-road-template_73621-1023.jpg,pongpongching,2,generic train side-view,estimated,21,162,580,156,1111.7,552,143
freepik_estimated-train-sideview_8314399_03_cargo-train-rail-road-template.png,8314399,1,Cargo train on a rail road template,https://www.freepik.com/free-vector/cargo-train-rail-road-template_8314399.htm,https://www.freepik.com/vectors/locomotive,https://img.freepik.com/free-vector/cargo-train-rail-road-template_73621-1023.jpg,pongpongching,3,generic train side-view,estimated,12,329,602,75,1716.03,576,84
freepik_estimated-steam-locomotive_3586089_01_industrial-rail-freight-transport-isometric-web.png,3586089,1,Industrial rail freight transport isometric web banner. Locomotive pulling freight train,https://www.freepik.com/free-vector/industrial-rail-freight-transport-isometric-web-banner-locomotive-pulling-freight-train_3586089.htm,https://www.freepik.com/vectors/locomotive,https://img.freepik.com/free-vector/industrial-rail-freight-transport-isometric-web-banner-locomotive-pulling-freight-train_33099-878.jpg,vectorpouch,1,steam locomotive,estimated,43,73,195,61,357.0,420,162
freepik_estimated-steam-locomotive_3586089_02_industrial-rail-freight-transport-isometric-web.png,3586089,1,Industrial rail freight transport isometric web banner. Locomotive pulling freight train,https://www.freepik.com/free-vector/industrial-rail-freight-transport-isometric-web-banner-locomotive-pulling-freight-train_3586089.htm,https://www.freepik.com/vectors/locomotive,https://img.freepik.com/free-vector/industrial-rail-freight-transport-isometric-web-banner-locomotive-pulling-freight-train_33099-878.jpg,vectorpouch,2,steam locomotive,estimated,40,123,200,66,352.97,420,172
freepik_estimated-steam-locomotive_3586089_03_industrial-rail-freight-transport-isometric-web.png,3586089,1,Industrial rail freight transport isometric web banner. Locomotive pulling freight train,https://www.freepik.com/free-vector/industrial-rail-freight-transport-isometric-web-banner-locomotive-pulling-freight-train_3586089.htm,https://www.freepik.com/vectors/locomotive,https://img.freepik.com/free-vector/industrial-rail-freight-transport-isometric-web-banner-locomotive-pulling-freight-train_33099-878.jpg,vectorpouch,3,steam locomotive,estimated,41,187,193,49,409.92,420,143
freepik_estimated-steam-locomotive_1107436_01_flat-locomotive-collection.png,1107436,2,Flat locomotive collection,https://www.freepik.com/free-vector/flat-locomotive-collection_1107436.htm,https://www.freepik.com/vectors/locomotive,https://img.freepik.com/free-vector/flat-locomotive-collection_23-2147619993.jpg,freepik,1,steam locomotive,estimated,78,35,455,52,1449.97,433,57
freepik_estimated-steam-locomotive_1107436_02_flat-locomotive-collection.png,1107436,2,Flat locomotive collection,https://www.freepik.com/free-vector/flat-locomotive-collection_1107436.htm,https://www.freepik.com/vectors/locomotive,https://img.freepik.com/free-vector/flat-locomotive-collection_23-2147619993.jpg,freepik,2,steam locomotive,estimated,23,152,596,128,1271.72,564,133
freepik_estimated-steam-locomotive_1107436_03_flat-locomotive-collection.png,1107436,2,Flat locomotive collection,https://www.freepik.com/free-vector/flat-locomotive-collection_1107436.htm,https://www.freepik.com/vectors/locomotive,https://img.freepik.com/free-vector/flat-locomotive-collection_23-2147619993.jpg,freepik,3,steam locomotive,estimated,7,269,612,130,1314.83,582,153
freepik_estimated-steam-locomotive_1107436_04_flat-locomotive-collection.png,1107436,2,Flat locomotive collection,https://www.freepik.com/free-vector/flat-locomotive-collection_1107436.htm,https://www.freepik.com/vectors/locomotive,https://img.freepik.com/free-vector/flat-locomotive-collection_23-2147619993.jpg,freepik,4,steam locomotive,estimated,7,389,612,129,1321.08,582,152
freepik_estimated-steam-locomotive_1111353_01_flat-locomotive-with-four-wagons.png,1111353,2,Flat locomotive with four wagons,https://www.freepik.com/free-vector/flat-locomotive-with-four-wagons_1111353.htm,https://www.freepik.com/vectors/locomotive,https://img.freepik.com/free-vector/flat-locomotive-with-four-wagons_23-2147622063.jpg,freepik,1,steam locomotive,estimated,61,48,502,194,800.3,477,178
freepik_estimated-steam-locomotive_1111353_02_flat-locomotive-with-four-wagons.png,1111353,2,Flat locomotive with four wagons,https://www.freepik.com/free-vector/flat-locomotive-with-four-wagons_1111353.htm,https://www.freepik.com/vectors/locomotive,https://img.freepik.com/free-vector/flat-locomotive-with-four-wagons_23-2147622063.jpg,freepik,2,steam locomotive,estimated,34,282,260,109,399.05,420,181
freepik_estimated-steam-locomotive_789972_01_retro-locomotive.png,789972,2,Retro locomotive,https://www.freepik.com/free-vector/retro-locomotive_789972.htm,https://www.freepik.com/vectors/locomotive,https://img.freepik.com/free-vector/retro-locomotive_23-2147511011.jpg,freepik,1,steam locomotive,estimated,0,0,626,34,3071.67,658,66
freepik_estimated-steam-locomotive_789972_02_retro-locomotive.png,789972,2,Retro locomotive,https://www.freepik.com/free-vector/retro-locomotive_789972.htm,https://www.freepik.com/vectors/locomotive,https://img.freepik.com/free-vector/retro-locomotive_23-2147511011.jpg,freepik,2,steam locomotive,estimated,123,80,379,42,1289.66,420,53
freepik_estimated-steam-locomotive_3586085_01_train-logistics-service-isometric-web-banner-loc.png,3586085,2,Train logistics service isometric web banner. Locomotive pulling freight train,https://www.freepik.com/free-vector/train-logistics-service-isometric-web-banner-locomotive-pulling-freight-train_3586085.htm,https://www.freepik.com/vectors/locomotive,https://img.freepik.com/free-vector/train-logistics-service-isometric-web-banner-locomotive-pulling-freight-train_33099-874.jpg,vectorpouch,1,steam locomotive,estimated,39,91,197,65,347.87,420,174
freepik_estimated-steam-locomotive_3586085_02_train-logistics-service-isometric-web-banner-loc.png,3586085,2,Train logistics service isometric web banner. Locomotive pulling freight train,https://www.freepik.com/free-vector/train-logistics-service-isometric-web-banner-locomotive-pulling-freight-train_3586085.htm,https://www.freepik.com/vectors/locomotive,https://img.freepik.com/free-vector/train-logistics-service-isometric-web-banner-locomotive-pulling-freight-train_33099-874.jpg,vectorpouch,2,steam locomotive,estimated,42,143,197,49,423.9,420,138
freepik_estimated-steam-locomotive_3586085_03_train-logistics-service-isometric-web-banner-loc.png,3586085,2,Train logistics service isometric web banner. Locomotive pulling freight train,https://www.freepik.com/free-vector/train-logistics-service-isometric-web-banner-locomotive-pulling-freight-train_3586085.htm,https://www.freepik.com/vectors/locomotive,https://img.freepik.com/free-vector/train-logistics-service-isometric-web-banner-locomotive-pulling-freight-train_33099-874.jpg,vectorpouch,3,steam locomotive,estimated,41,188,189,48,402.25,420,146
freepik_estimated-steam-locomotive_905146_01_locomotive-badges-collection.png,905146,2,Locomotive badges collection,https://www.freepik.com/free-vector/locomotive-badges-collection_905146.htm,https://www.freepik.com/vectors/locomotive,https://img.freepik.com/free-vector/locomotive-badges-collection_1152-28.jpg,ajipebriana,1,steam locomotive,estimated,6,340,620,249,980.15,592,225
freepik_estimated-steam-locomotive_1114169_01_locomotive-modern-train-flat-design.png,1114169,2,Locomotive and modern train in flat design,https://www.freepik.com/free-vector/locomotive-modern-train-flat-design_1114169.htm,https://www.freepik.com/vectors/locomotive,https://img.freepik.com/free-vector/locomotive-modern-train-flat-design_23-2147623589.jpg,freepik,1,steam locomotive,estimated,33,89,571,259,841.61,541,231
freepik_estimated-steam-locomotive_1114169_02_locomotive-modern-train-flat-design.png,1114169,2,Locomotive and modern train in flat design,https://www.freepik.com/free-vector/locomotive-modern-train-flat-design_1114169.htm,https://www.freepik.com/vectors/locomotive,https://img.freepik.com/free-vector/locomotive-modern-train-flat-design_23-2147623589.jpg,freepik,2,steam locomotive,estimated,32,371,548,126,1133.69,518,125
freepik_estimated-train-sideview_3824526_01_railway-transport-history-museum-isometric-web-b.png,3824526,2,Railway transport history museum isometric web banner,https://www.freepik.com/free-vector/railway-transport-history-museum-isometric-web-banner_3824526.htm,https://www.freepik.com/vectors/locomotive,https://img.freepik.com/free-vector/railway-transport-history-museum-isometric-web-banner_33099-1088.jpg,vectorpouch,1,generic train side-view,estimated,35,108,263,59,584.81,420,105
freepik_estimated-train-sideview_3824526_02_railway-transport-history-museum-isometric-web-b.png,3824526,2,Railway transport history museum isometric web banner,https://www.freepik.com/free-vector/railway-transport-history-museum-isometric-web-banner_3824526.htm,https://www.freepik.com/vectors/locomotive,https://img.freepik.com/free-vector/railway-transport-history-museum-isometric-web-banner_33099-1088.jpg,vectorpouch,2,generic train side-view,estimated,36,165,207,51,446.19,420,141
freepik_estimated-steam-locomotive_10654732_01_old-modern-trains-antique-steam-railroad-transpo.png,10654732,2,"Old and modern trains, antique steam railroad transport and contemporary subway locomotive, city railway commuter transportation side view isolated on grey background. Cartoon illustration",https://www.freepik.com/free-vector/old-modern-trains-antique-steam-railroad-transport-contemporary-subway-locomotive-city-railway-commuter-transportation-side-view-isolated-grey-background-cartoon-illustration_10654732.htm,https://www.freepik.com/vectors/locomotive,https://img.freepik.com/free-vector/old-modern-trains-antique-steam-railroad-transport-contemporary-subway-locomotive-city-railway-commuter-transportation-side-view-isolated-grey-background-cartoon-illustration_107791-3829.jpg,upklyak,1,steam locomotive,estimated,33,13,554,129,1137.23,524,125
freepik_estimated-steam-locomotive_10654732_02_old-modern-trains-antique-steam-railroad-transpo.png,10654732,2,"Old and modern trains, antique steam railroad transport and contemporary subway locomotive, city railway commuter transportation side view isolated on grey background. Cartoon illustration",https://www.freepik.com/free-vector/old-modern-trains-antique-steam-railroad-transport-contemporary-subway-locomotive-city-railway-commuter-transportation-side-view-isolated-grey-background-cartoon-illustration_10654732.htm,https://www.freepik.com/vectors/locomotive,https://img.freepik.com/free-vector/old-modern-trains-antique-steam-railroad-transport-contemporary-subway-locomotive-city-railway-commuter-transportation-side-view-isolated-grey-background-cartoon-illustration_107791-3829.jpg,upklyak,2,steam locomotive,estimated,22,129,573,176,1026.83,544,164
freepik_estimated-steam-locomotive_24781749_01_set-different-steam-locomotives.png,24781749,2,Set of different steam locomotives,https://www.freepik.com/free-vector/set-different-steam-locomotives_24781749.htm,https://www.freepik.com/vectors/locomotive,https://img.freepik.com/free-vector/set-different-steam-locomotives_1308-94488.jpg,brgfx,1,steam locomotive,estimated,0,0,622,156,1269.92,605,152
freepik_estimated-steam-locomotive_24781749_02_set-different-steam-locomotives.png,24781749,2,Set of different steam locomotives,https://www.freepik.com/free-vector/set-different-steam-locomotives_24781749.htm,https://www.freepik.com/vectors/locomotive,https://img.freepik.com/free-vector/set-different-steam-locomotives_1308-94488.jpg,brgfx,2,steam locomotive,estimated,0,148,626,168,1279.2,622,162
freepik_estimated-steam-locomotive_24781749_03_set-different-steam-locomotives.png,24781749,2,Set of different steam locomotives,https://www.freepik.com/free-vector/set-different-steam-locomotives_24781749.htm,https://www.freepik.com/vectors/locomotive,https://img.freepik.com/free-vector/set-different-steam-locomotives_1308-94488.jpg,brgfx,3,steam locomotive,estimated,0,304,626,168,1266.56,619,163
freepik_estimated-steam-locomotive_24781749_04_set-different-steam-locomotives.png,24781749,2,Set of different steam locomotives,https://www.freepik.com/free-vector/set-different-steam-locomotives_24781749.htm,https://www.freepik.com/vectors/locomotive,https://img.freepik.com/free-vector/set-different-steam-locomotives_1308-94488.jpg,brgfx,4,steam locomotive,estimated,0,459,626,165,1291.89,626,163
freepik_estimated-train-sideview_11060098_01_set-vintage-railway-emblems.png,11060098,2,Set of vintage railway emblems,https://www.freepik.com/free-vector/set-vintage-railway-emblems_11060098.htm,https://www.freepik.com/vectors/locomotive,https://img.freepik.com/free-vector/set-vintage-railway-emblems_1284-47135.jpg,macrovector,1,generic train side-view,estimated,0,8,626,342,906.86,630,304
freepik_estimated-train-sideview_11060098_02_set-vintage-railway-emblems.png,11060098,2,Set of vintage railway emblems,https://www.freepik.com/free-vector/set-vintage-railway-emblems_11060098.htm,https://www.freepik.com/vectors/locomotive,https://img.freepik.com/free-vector/set-vintage-railway-emblems_1284-47135.jpg,macrovector,2,generic train side-view,estimated,27,333,572,270,826.39,542,241
freepik_estimated-train-sideview_1114165_01_colored-train-pack.png,1114165,2,Colored train pack,https://www.freepik.com/free-vector/colored-train-pack_1114165.htm,https://www.freepik.com/vectors/locomotive,https://img.freepik.com/free-vector/colored-train-pack_23-2147623809.jpg,freepik,1,generic train side-view,estimated,144,60,366,62,924.36,420,79
freepik_estimated-train-sideview_1114165_02_colored-train-pack.png,1114165,2,Colored train pack,https://www.freepik.com/free-vector/colored-train-pack_1114165.htm,https://www.freepik.com/vectors/locomotive,https://img.freepik.com/free-vector/colored-train-pack_23-2147623809.jpg,freepik,2,generic train side-view,estimated,64,148,262,125,379.25,420,200
freepik_estimated-train-sideview_1114165_03_colored-train-pack.png,1114165,2,Colored train pack,https://www.freepik.com/free-vector/colored-train-pack_1114165.htm,https://www.freepik.com/vectors/locomotive,https://img.freepik.com/free-vector/colored-train-pack_23-2147623809.jpg,freepik,3,generic train side-view,estimated,60,264,248,137,331.08,420,229
freepik_estimated-metro-emu_10600882_01_set-railway-trains-flat-style-transport-subway-t.png,10600882,2,"Set of railway trains in flat style. Transport subway, travel and vehicle",https://www.freepik.com/free-vector/set-railway-trains-flat-style-transport-subway-travel-vehicle_10600882.htm,https://www.freepik.com/vectors/locomotive,https://img.freepik.com/free-vector/set-railway-trains-flat-style-transport-subway-travel-vehicle_1284-41569.jpg,macrovector,1,metro EMU,estimated,0,12,626,83,1706.49,595,91
freepik_estimated-metro-emu_10600882_02_set-railway-trains-flat-style-transport-subway-t.png,10600882,2,"Set of railway trains in flat style. Transport subway, travel and vehicle",https://www.freepik.com/free-vector/set-railway-trains-flat-style-transport-subway-travel-vehicle_10600882.htm,https://www.freepik.com/vectors/locomotive,https://img.freepik.com/free-vector/set-railway-trains-flat-style-transport-subway-travel-vehicle_1284-41569.jpg,macrovector,2,metro EMU,estimated,12,101,602,77,1687.67,572,88
freepik_estimated-metro-emu_10600882_03_set-railway-trains-flat-style-transport-subway-t.png,10600882,2,"Set of railway trains in flat style. Transport subway, travel and vehicle",https://www.freepik.com/free-vector/set-railway-trains-flat-style-transport-subway-travel-vehicle_10600882.htm,https://www.freepik.com/vectors/locomotive,https://img.freepik.com/free-vector/set-railway-trains-flat-style-transport-subway-travel-vehicle_1284-41569.jpg,macrovector,3,metro EMU,estimated,36,178,554,111,1221.59,524,111
freepik_estimated-metro-emu_10600882_04_set-railway-trains-flat-style-transport-subway-t.png,10600882,2,"Set of railway trains in flat style. Transport subway, travel and vehicle",https://www.freepik.com/free-vector/set-railway-trains-flat-style-transport-subway-travel-vehicle_10600882.htm,https://www.freepik.com/vectors/locomotive,https://img.freepik.com/free-vector/set-railway-trains-flat-style-transport-subway-travel-vehicle_1284-41569.jpg,macrovector,4,metro EMU,estimated,35,281,556,100,1294.4,528,104
freepik_estimated-metro-emu_10600882_05_set-railway-trains-flat-style-transport-subway-t.png,10600882,2,"Set of railway trains in flat style. Transport subway, travel and vehicle",https://www.freepik.com/free-vector/set-railway-trains-flat-style-transport-subway-travel-vehicle_10600882.htm,https://www.freepik.com/vectors/locomotive,https://img.freepik.com/free-vector/set-railway-trains-flat-style-transport-subway-travel-vehicle_1284-41569.jpg,macrovector,5,metro EMU,estimated,9,371,607,106,1440.5,578,111
freepik_estimated-train-sideview_1135091_01_different-ages-train-collection.png,1135091,3,Different ages train collection,https://www.freepik.com/free-vector/different-ages-train-collection_1135091.htm,https://www.freepik.com/vectors/locomotive,https://img.freepik.com/free-vector/different-ages-train-collection_23-2147630850.jpg,freepik,1,generic train side-view,estimated,154,17,316,40,1029.0,420,61
freepik_estimated-train-sideview_1135091_02_different-ages-train-collection.png,1135091,3,Different ages train collection,https://www.freepik.com/free-vector/different-ages-train-collection_1135091.htm,https://www.freepik.com/vectors/locomotive,https://img.freepik.com/free-vector/different-ages-train-collection_23-2147630850.jpg,freepik,2,generic train side-view,estimated,40,49,546,203,886.1,516,207
freepik_estimated-train-sideview_1135091_03_different-ages-train-collection.png,1135091,3,Different ages train collection,https://www.freepik.com/free-vector/different-ages-train-collection_1135091.htm,https://www.freepik.com/vectors/locomotive,https://img.freepik.com/free-vector/different-ages-train-collection_23-2147630850.jpg,freepik,3,generic train side-view,estimated,44,222,540,224,828.74,511,248
freepik_estimated-train-sideview_1135091_04_different-ages-train-collection.png,1135091,3,Different ages train collection,https://www.freepik.com/free-vector/different-ages-train-collection_1135091.htm,https://www.freepik.com/vectors/locomotive,https://img.freepik.com/free-vector/different-ages-train-collection_23-2147630850.jpg,freepik,4,generic train side-view,estimated,69,424,488,169,821.01,462,176
freepik_estimated-steam-locomotive_2872080_01_retro-style-steam-train-iron-locomotive-railroad.png,2872080,3,Retro style steam train iron locomotive on railroad,https://www.freepik.com/free-vector/retro-style-steam-train-iron-locomotive-railroad_2872080.htm,https://www.freepik.com/vectors/locomotive,https://img.freepik.com/free-vector/retro-style-steam-train-iron-locomotive-railroad_1284-7128.jpg,macrovector,1,steam locomotive,estimated,159,515,302,63,683.42,420,95
freepik_estimated-steam-locomotive_1114168_01_pack-with-modern-train-locomotive.png,1114168,3,Pack with modern train and locomotive,https://www.freepik.com/free-vector/pack-with-modern-train-locomotive_1114168.htm,https://www.freepik.com/vectors/locomotive,https://img.freepik.com/free-vector/pack-with-modern-train-locomotive_23-2147623590.jpg,freepik,1,steam locomotive,estimated,36,112,533,159,969.65,505,149
freepik_estimated-steam-locomotive_1114168_02_pack-with-modern-train-locomotive.png,1114168,3,Pack with modern train and locomotive,https://www.freepik.com/free-vector/pack-with-modern-train-locomotive_1114168.htm,https://www.freepik.com/vectors/locomotive,https://img.freepik.com/free-vector/pack-with-modern-train-locomotive_23-2147623590.jpg,freepik,2,steam locomotive,estimated,59,299,487,242,684.13,462,216
freepik_estimated-train-sideview_1125359_01_four-round-train-logos-vintage-style.png,1125359,3,Four round train logos in vintage style,https://www.freepik.com/free-vector/four-round-train-logos-vintage-style_1125359.htm,https://www.freepik.com/vectors/locomotive,https://img.freepik.com/free-vector/four-round-train-logos-vintage-style_23-2147627086.jpg,freepik,1,generic train side-view,estimated,0,270,626,87,1858.8,658,111
freepik_estimated-train-sideview_766122_01_trains-silhouette-collection.png,766122,3,Trains silhouette collection,https://www.freepik.com/free-vector/trains-silhouette-collection_766122.htm,https://www.freepik.com/vectors/locomotive,https://img.freepik.com/free-vector/trains-silhouette-collection_23-2147505881.jpg,freepik,1,generic train side-view,estimated,0,78,623,69,1918.69,594,77
freepik_estimated-train-sideview_766122_02_trains-silhouette-collection.png,766122,3,Trains silhouette collection,https://www.freepik.com/free-vector/trains-silhouette-collection_766122.htm,https://www.freepik.com/vectors/locomotive,https://img.freepik.com/free-vector/trains-silhouette-collection_23-2147505881.jpg,freepik,2,generic train side-view,estimated,7,190,610,81,1670.2,580,89
freepik_estimated-train-sideview_766122_03_trains-silhouette-collection.png,766122,3,Trains silhouette collection,https://www.freepik.com/free-vector/trains-silhouette-collection_766122.htm,https://www.freepik.com/vectors/locomotive,https://img.freepik.com/free-vector/trains-silhouette-collection_23-2147505881.jpg,freepik,3,generic train side-view,estimated,0,312,626,75,1865.74,605,84
freepik_estimated-train-sideview_766122_04_trains-silhouette-collection.png,766122,3,Trains silhouette collection,https://www.freepik.com/free-vector/trains-silhouette-collection_766122.htm,https://www.freepik.com/vectors/locomotive,https://img.freepik.com/free-vector/trains-silhouette-collection_23-2147505881.jpg,freepik,4,generic train side-view,estimated,4,425,622,85,1685.93,598,93
freepik_estimated-high-speed-emu_1112912_01_high-speed-train-collection.png,1112912,3,High speed train collection,https://www.freepik.com/free-vector/high-speed-train-collection_1112912.htm,https://www.freepik.com/vectors/locomotive,https://img.freepik.com/free-vector/high-speed-train-collection_23-2147622393.jpg,freepik,1,high-speed EMU,estimated,0,51,626,106,1568.99,617,113
freepik_estimated-high-speed-emu_1112912_02_high-speed-train-collection.png,1112912,3,High speed train collection,https://www.freepik.com/free-vector/high-speed-train-collection_1112912.htm,https://www.freepik.com/vectors/locomotive,https://img.freepik.com/free-vector/high-speed-train-collection_23-2147622393.jpg,freepik,2,high-speed EMU,estimated,0,187,626,99,1702.88,635,107
freepik_estimated-high-speed-emu_1112912_03_high-speed-train-collection.png,1112912,3,High speed train collection,https://www.freepik.com/free-vector/high-speed-train-collection_1112912.htm,https://www.freepik.com/vectors/locomotive,https://img.freepik.com/free-vector/high-speed-train-collection_23-2147622393.jpg,freepik,3,high-speed EMU,estimated,0,328,626,101,1617.23,617,120
freepik_estimated-high-speed-emu_1112912_04_high-speed-train-collection.png,1112912,3,High speed train collection,https://www.freepik.com/free-vector/high-speed-train-collection_1112912.htm,https://www.freepik.com/vectors/locomotive,https://img.freepik.com/free-vector/high-speed-train-collection_23-2147622393.jpg,freepik,4,high-speed EMU,estimated,0,452,626,126,1491.75,629,129
freepik_estimated-train-sideview_1135090_01_blue-train-collection.png,1135090,3,Blue train collection,https://www.freepik.com/free-vector/blue-train-collection_1135090.htm,https://www.freepik.com/vectors/locomotive,https://img.freepik.com/free-vector/blue-train-collection_23-2147630851.jpg,freepik,1,generic train side-view,estimated,169,17,288,40,895.56,420,66
freepik_estimated-train-sideview_1135090_02_blue-train-collection.png,1135090,3,Blue train collection,https://www.freepik.com/free-vector/blue-train-collection_1135090.htm,https://www.freepik.com/vectors/locomotive,https://img.freepik.com/free-vector/blue-train-collection_23-2147630851.jpg,freepik,2,generic train side-view,estimated,70,58,494,167,843.59,476,173
freepik_estimated-train-sideview_1135090_03_blue-train-collection.png,1135090,3,Blue train collection,https://www.freepik.com/free-vector/blue-train-collection_1135090.htm,https://www.freepik.com/vectors/locomotive,https://img.freepik.com/free-vector/blue-train-collection_23-2147630851.jpg,freepik,3,generic train side-view,estimated,61,194,504,222,754.63,479,246
freepik_estimated-train-sideview_1135090_04_blue-train-collection.png,1135090,3,Blue train collection,https://www.freepik.com/free-vector/blue-train-collection_1135090.htm,https://www.freepik.com/vectors/locomotive,https://img.freepik.com/free-vector/blue-train-collection_23-2147630851.jpg,freepik,4,generic train side-view,estimated,65,391,496,203,768.06,470,227
freepik_estimated-train-sideview_1538964_04_railway-label-set.png,1538964,3,Railway Label Set,https://www.freepik.com/free-vector/railway-label-set_1538964.htm,https://www.freepik.com/vectors/locomotive,https://img.freepik.com/free-vector/railway-label-set_1284-5079.jpg,macrovector,4,generic train side-view,estimated,223,410,199,104,270.11,420,226
freepik_estimated-steam-locomotive_26765600_01_steampunk-vertical-poster-with-editable-text-eve.png,26765600,3,Steampunk vertical poster with editable text and event date with images of flying airplane and train vector illustration,https://www.freepik.com/free-vector/steampunk-vertical-poster-with-editable-text-event-date-with-images-flying-airplane-train-vector-illustration_26765600.htm,https://www.freepik.com/vectors/locomotive,https://img.freepik.com/free-vector/steampunk-vertical-poster-with-editable-text-event-date-with-images-flying-airplane-train-vector-illustration_1284-73614.jpg,macrovector,1,steam locomotive,estimated,12,17,419,132,738.27,420,151
freepik_estimated-steam-locomotive_26765600_02_steampunk-vertical-poster-with-editable-text-eve.png,26765600,3,Steampunk vertical poster with editable text and event date with images of flying airplane and train vector illustration,https://www.freepik.com/free-vector/steampunk-vertical-poster-with-editable-text-event-date-with-images-flying-airplane-train-vector-illustration_26765600.htm,https://www.freepik.com/vectors/locomotive,https://img.freepik.com/free-vector/steampunk-vertical-poster-with-editable-text-event-date-with-images-flying-airplane-train-vector-illustration_1284-73614.jpg,macrovector,2,steam locomotive,estimated,92,511,257,42,724.62,420,81
freepik_estimated-rail-car_1112980_01_wagon-design-collection.png,1112980,3,Wagon design collection,https://www.freepik.com/free-vector/wagon-design-collection_1112980.htm,https://www.freepik.com/vectors/locomotive,https://img.freepik.com/free-vector/wagon-design-collection_23-2147622831.jpg,freepik,1,rail car / wagon,estimated,297,82,306,148,436.9,420,199
freepik_estimated-rail-car_1112980_02_wagon-design-collection.png,1112980,3,Wagon design collection,https://www.freepik.com/free-vector/wagon-design-collection_1112980.htm,https://www.freepik.com/vectors/locomotive,https://img.freepik.com/free-vector/wagon-design-collection_23-2147622831.jpg,freepik,2,rail car / wagon,estimated,19,244,423,148,711.21,420,146
freepik_estimated-rail-car_1112980_03_wagon-design-collection.png,1112980,3,Wagon design collection,https://www.freepik.com/free-vector/wagon-design-collection_1112980.htm,https://www.freepik.com/vectors/locomotive,https://img.freepik.com/free-vector/wagon-design-collection_23-2147622831.jpg,freepik,3,rail car / wagon,estimated,19,411,423,140,729.69,420,140
freepik_estimated-train-sideview_1114167_01_collection-different-types-trains.png,1114167,3,Collection of different types of trains,https://www.freepik.com/free-vector/collection-different-types-trains_1114167.htm,https://www.freepik.com/vectors/locomotive,https://img.freepik.com/free-vector/collection-different-types-trains_23-2147623811.jpg,freepik,1,generic train side-view,estimated,206,64,214,55,446.13,420,119
freepik_estimated-train-sideview_1114167_02_collection-different-types-trains.png,1114167,3,Collection of different types of trains,https://www.freepik.com/free-vector/collection-different-types-trains_1114167.htm,https://www.freepik.com/vectors/locomotive,https://img.freepik.com/free-vector/collection-different-types-trains_23-2147623811.jpg,freepik,2,generic train side-view,estimated,34,129,558,126,1167.33,531,125
freepik_estimated-train-sideview_1114167_03_collection-different-types-trains.png,1114167,3,Collection of different types of trains,https://www.freepik.com/free-vector/collection-different-types-trains_1114167.htm,https://www.freepik.com/vectors/locomotive,https://img.freepik.com/free-vector/collection-different-types-trains_23-2147623811.jpg,freepik,3,generic train side-view,estimated,14,295,600,106,1413.72,573,110
freepik_estimated-train-sideview_1114167_04_collection-different-types-trains.png,1114167,3,Collection of different types of trains,https://www.freepik.com/free-vector/collection-different-types-trains_1114167.htm,https://www.freepik.com/vectors/locomotive,https://img.freepik.com/free-vector/collection-different-types-trains_23-2147623811.jpg,freepik,4,generic train side-view,estimated,0,444,626,100,1574.56,602,106
freepik_estimated-train-sideview_1107520_01_pack-four-trains-retro-style.png,1107520,3,Pack of four trains in retro style,https://www.freepik.com/free-vector/pack-four-trains-retro-style_1107520.htm,https://www.freepik.com/vectors/locomotive,https://img.freepik.com/free-vector/pack-four-trains-retro-style_23-2147620136.jpg,freepik,1,generic train side-view,estimated,51,17,524,157,950.72,498,164
freepik_estimated-train-sideview_1107520_02_pack-four-trains-retro-style.png,1107520,3,Pack of four trains in retro style,https://www.freepik.com/free-vector/pack-four-trains-retro-style_1107520.htm,https://www.freepik.com/vectors/locomotive,https://img.freepik.com/free-vector/pack-four-trains-retro-style_23-2147620136.jpg,freepik,2,generic train side-view,estimated,77,157,471,147,837.43,452,139
freepik_estimated-train-sideview_1107520_03_pack-four-trains-retro-style.png,1107520,3,Pack of four trains in retro style,https://www.freepik.com/free-vector/pack-four-trains-retro-style_1107520.htm,https://www.freepik.com/vectors/locomotive,https://img.freepik.com/free-vector/pack-four-trains-retro-style_23-2147620136.jpg,freepik,3,generic train side-view,estimated,51,287,524,160,939.69,498,184
freepik_estimated-train-sideview_1107520_04_pack-four-trains-retro-style.png,1107520,3,Pack of four trains in retro style,https://www.freepik.com/free-vector/pack-four-trains-retro-style_1107520.htm,https://www.freepik.com/vectors/locomotive,https://img.freepik.com/free-vector/pack-four-trains-retro-style_23-2147620136.jpg,freepik,4,generic train side-view,estimated,77,429,472,151,826.53,452,159
freepik_estimated-train-sideview_1292669_01_collection-3-types-trains.png,1292669,3,Collection of 3 types of trains,https://www.freepik.com/free-vector/collection-3-types-trains_1292669.htm,https://www.freepik.com/vectors/locomotive,https://img.freepik.com/free-vector/collection-3-types-trains_23-2147676781.jpg,freepik,1,generic train side-view,estimated,23,26,587,194,1012.2,557,180
freepik_estimated-train-sideview_1292669_02_collection-3-types-trains.png,1292669,3,Collection of 3 types of trains,https://www.freepik.com/free-vector/collection-3-types-trains_1292669.htm,https://www.freepik.com/vectors/locomotive,https://img.freepik.com/free-vector/collection-3-types-trains_23-2147676781.jpg,freepik,2,generic train side-view,estimated,14,240,596,162,1128.81,565,153
freepik_estimated-train-sideview_1292669_03_collection-3-types-trains.png,1292669,3,Collection of 3 types of trains,https://www.freepik.com/free-vector/collection-3-types-trains_1292669.htm,https://www.freepik.com/vectors/locomotive,https://img.freepik.com/free-vector/collection-3-types-trains_23-2147676781.jpg,freepik,3,generic train side-view,estimated,21,416,588,170,1086.05,559,160
freepik_estimated-train-sideview_1108691_01_pack-great-trains-flat-design.png,1108691,3,Pack of great trains in flat design,https://www.freepik.com/free-vector/pack-great-trains-flat-design_1108691.htm,https://www.freepik.com/vectors/locomotive,https://img.freepik.com/free-vector/pack-great-trains-flat-design_23-2147620625.jpg,freepik,1,generic train side-view,estimated,24,50,583,149,1143.94,553,142
freepik_estimated-train-sideview_1108691_02_pack-great-trains-flat-design.png,1108691,3,Pack of great trains in flat design,https://www.freepik.com/free-vector/pack-great-trains-flat-design_1108691.htm,https://www.freepik.com/vectors/locomotive,https://img.freepik.com/free-vector/pack-great-trains-flat-design_23-2147620625.jpg,freepik,2,generic train side-view,estimated,24,217,583,176,1055.97,553,165
freepik_estimated-train-sideview_1108691_03_pack-great-trains-flat-design.png,1108691,3,Pack of great trains in flat design,https://www.freepik.com/free-vector/pack-great-trains-flat-design_1108691.htm,https://www.freepik.com/vectors/locomotive,https://img.freepik.com/free-vector/pack-great-trains-flat-design_23-2147620625.jpg,freepik,3,generic train side-view,estimated,24,415,583,146,1158.39,553,140
freepik_estimated-train-sideview_1107521_01_flat-selection-vintage-trains.png,1107521,3,Flat selection of vintage trains,https://www.freepik.com/free-vector/flat-selection-vintage-trains_1107521.htm,https://www.freepik.com/vectors/locomotive,https://img.freepik.com/free-vector/flat-selection-vintage-trains_23-2147620137.jpg,freepik,1,generic train side-view,estimated,50,9,528,135,1038.92,509,129
freepik_estimated-train-sideview_1107521_02_flat-selection-vintage-trains.png,1107521,3,Flat selection of vintage trains,https://www.freepik.com/free-vector/flat-selection-vintage-trains_1107521.htm,https://www.freepik.com/vectors/locomotive,https://img.freepik.com/free-vector/flat-selection-vintage-trains_23-2147620137.jpg,freepik,2,generic train side-view,estimated,54,140,521,151,957.12,509,143
freepik_estimated-train-sideview_1107521_03_flat-selection-vintage-trains.png,1107521,3,Flat selection of vintage trains,https://www.freepik.com/free-vector/flat-selection-vintage-trains_1107521.htm,https://www.freepik.com/vectors/locomotive,https://img.freepik.com/free-vector/flat-selection-vintage-trains_23-2147620137.jpg,freepik,3,generic train side-view,estimated,52,286,526,151,972.02,510,142
freepik_estimated-train-sideview_1107521_04_flat-selection-vintage-trains.png,1107521,3,Flat selection of vintage trains,https://www.freepik.com/free-vector/flat-selection-vintage-trains_1107521.htm,https://www.freepik.com/vectors/locomotive,https://img.freepik.com/free-vector/flat-selection-vintage-trains_23-2147620137.jpg,freepik,4,generic train side-view,estimated,64,431,482,155,848.13,478,145
freepik_estimated-train-sideview_1146849_01_train-illustration-collection.png,1146849,3,Train illustration collection,https://www.freepik.com/free-vector/train-illustration-collection_1146849.htm,https://www.freepik.com/vectors/locomotive,https://img.freepik.com/free-vector/train-illustration-collection_23-2147635388.jpg,freepik,1,generic train side-view,estimated,281,113,335,158,484.77,420,194
freepik_estimated-train-sideview_1146849_02_train-illustration-collection.png,1146849,3,Train illustration collection,https://www.freepik.com/free-vector/train-illustration-collection_1146849.htm,https://www.freepik.com/vectors/locomotive,https://img.freepik.com/free-vector/train-illustration-collection_23-2147635388.jpg,freepik,2,generic train side-view,estimated,294,361,321,179,429.36,420,212
freepik_estimated-train-sideview_1112979_01_all-times-train-collecti.png,1112979,3,All times train collecti,https://www.freepik.com/free-vector/all-times-train-collecti_1112979.htm,https://www.freepik.com/vectors/locomotive,https://img.freepik.com/free-vector/all-times-train-collecti_23-2147622830.jpg,freepik,1,generic train side-view,estimated,135,203,356,120,605.56,420,145
freepik_estimated-train-sideview_1112979_02_all-times-train-collecti.png,1112979,3,All times train collecti,https://www.freepik.com/free-vector/all-times-train-collecti_1112979.htm,https://www.freepik.com/vectors/locomotive,https://img.freepik.com/free-vector/all-times-train-collecti_23-2147622830.jpg,freepik,2,generic train side-view,estimated,133,336,360,136,582.0,420,159
freepik_estimated-train-sideview_1112979_03_all-times-train-collecti.png,1112979,3,All times train collecti,https://www.freepik.com/free-vector/all-times-train-collecti_1112979.htm,https://www.freepik.com/vectors/locomotive,https://img.freepik.com/free-vector/all-times-train-collecti_23-2147622830.jpg,freepik,3,generic train side-view,estimated,130,484,366,111,657.2,420,148
freepik_estimated-train-sideview_1111357_01_assortment-flat-trains.png,1111357,3,Assortment of flat trains,https://www.freepik.com/free-vector/assortment-flat-trains_1111357.htm,https://www.freepik.com/vectors/locomotive,https://img.freepik.com/free-vector/assortment-flat-trains_23-2147621778.jpg,freepik,1,generic train side-view,estimated,32,41,558,130,1145.1,530,139
freepik_estimated-train-sideview_1111357_02_assortment-flat-trains.png,1111357,3,Assortment of flat trains,https://www.freepik.com/free-vector/assortment-flat-trains_1111357.htm,https://www.freepik.com/vectors/locomotive,https://img.freepik.com/free-vector/assortment-flat-trains_23-2147621778.jpg,freepik,2,generic train side-view,estimated,32,146,559,282,783.04,529,279
freepik_estimated-train-sideview_1111357_03_assortment-flat-trains.png,1111357,3,Assortment of flat trains,https://www.freepik.com/free-vector/assortment-flat-trains_1111357.htm,https://www.freepik.com/vectors/locomotive,https://img.freepik.com/free-vector/assortment-flat-trains_23-2147621778.jpg,freepik,3,generic train side-view,estimated,57,382,502,193,802.84,499,197
freepik_estimated-rail-car_1106078_01_collection-train-wagons-flat-design.png,1106078,3,Collection of train wagons in flat design,https://www.freepik.com/free-vector/collection-train-wagons-flat-design_1106078.htm,https://www.freepik.com/vectors/locomotive,https://img.freepik.com/free-vector/collection-train-wagons-flat-design_23-2147619151.jpg,freepik,1,rail car / wagon,estimated,22,156,603,173,1113.03,578,201
freepik_estimated-rail-car_1106078_02_collection-train-wagons-flat-design.png,1106078,3,Collection of train wagons in flat design,https://www.freepik.com/free-vector/collection-train-wagons-flat-design_1106078.htm,https://www.freepik.com/vectors/locomotive,https://img.freepik.com/free-vector/collection-train-wagons-flat-design_23-2147619151.jpg,freepik,2,rail car / wagon,estimated,8,299,618,162,1215.78,594,190
freepik_estimated-train-sideview_1107618_01_collection-flat-trains-with-yellow-details.png,1107618,3,Collection of flat trains with yellow details,https://www.freepik.com/free-vector/collection-flat-trains-with-yellow-details_1107618.htm,https://www.freepik.com/vectors/locomotive,https://img.freepik.com/free-vector/collection-flat-trains-with-yellow-details_23-2147620210.jpg,freepik,1,generic train side-view,estimated,163,22,320,51,869.54,420,75
freepik_estimated-steam-locomotive_1107977_01_several-locomotives-with-wagons.png,1107977,4,Several locomotives with wagons,https://www.freepik.com/free-vector/several-locomotives-with-wagons_1107977.htm,https://www.freepik.com/vectors/locomotive,https://img.freepik.com/free-vector/several-locomotives-with-wagons_23-2147620431.jpg,freepik,1,steam locomotive,estimated,16,36,594,197,1022.93,562,202
freepik_estimated-steam-locomotive_1107977_02_several-locomotives-with-wagons.png,1107977,4,Several locomotives with wagons,https://www.freepik.com/free-vector/several-locomotives-with-wagons_1107977.htm,https://www.freepik.com/vectors/locomotive,https://img.freepik.com/free-vector/several-locomotives-with-wagons_23-2147620431.jpg,freepik,2,steam locomotive,estimated,16,211,594,190,1039.4,562,196
freepik_estimated-steam-locomotive_1107977_03_several-locomotives-with-wagons.png,1107977,4,Several locomotives with wagons,https://www.freepik.com/free-vector/several-locomotives-with-wagons_1107977.htm,https://www.freepik.com/vectors/locomotive,https://img.freepik.com/free-vector/several-locomotives-with-wagons_23-2147620431.jpg,freepik,3,steam locomotive,estimated,9,388,606,181,1098.87,577,170
freepik_estimated-train-sideview_19344836_01_train-rail-transport-mine-sticker.png,19344836,4,Train Rail transport mine sticker,https://www.freepik.com/free-vector/train-rail-transport-mine-sticker_19344836.htm,https://www.freepik.com/vectors/locomotive,https://img.freepik.com/free-vector/train-rail-transport-mine-sticker_271628-499.jpg,sofind,1,generic train side-view,estimated,117,9,380,101,724.89,420,120
freepik_estimated-train-sideview_1111355_01_colored-selection-flat-trains.png,1111355,4,Colored selection of flat trains,https://www.freepik.com/free-vector/colored-selection-flat-trains_1111355.htm,https://www.freepik.com/vectors/locomotive,https://img.freepik.com/free-vector/colored-selection-flat-trains_23-2147621862.jpg,freepik,1,generic train side-view,estimated,117,34,389,49,1194.0,420,60
freepik_estimated-train-sideview_1111355_02_colored-selection-flat-trains.png,1111355,4,Colored selection of flat trains,https://www.freepik.com/free-vector/colored-selection-flat-trains_1111355.htm,https://www.freepik.com/vectors/locomotive,https://img.freepik.com/free-vector/colored-selection-flat-trains_23-2147621862.jpg,freepik,2,generic train side-view,estimated,47,95,528,97,1220.34,500,99
freepik_estimated-train-sideview_1111355_03_colored-selection-flat-trains.png,1111355,4,Colored selection of flat trains,https://www.freepik.com/free-vector/colored-selection-flat-trains_1111355.htm,https://www.freepik.com/vectors/locomotive,https://img.freepik.com/free-vector/colored-selection-flat-trains_23-2147621862.jpg,freepik,3,generic train side-view,estimated,43,198,540,125,1112.49,511,121
freepik_estimated-train-sideview_1111355_04_colored-selection-flat-trains.png,1111355,4,Colored selection of flat trains,https://www.freepik.com/free-vector/colored-selection-flat-trains_1111355.htm,https://www.freepik.com/vectors/locomotive,https://img.freepik.com/free-vector/colored-selection-flat-trains_23-2147621862.jpg,freepik,4,generic train side-view,estimated,40,346,546,100,1256.95,516,102
freepik_estimated-train-sideview_1111355_05_colored-selection-flat-trains.png,1111355,4,Colored selection of flat trains,https://www.freepik.com/free-vector/colored-selection-flat-trains_1111355.htm,https://www.freepik.com/vectors/locomotive,https://img.freepik.com/free-vector/colored-selection-flat-trains_23-2147621862.jpg,freepik,5,generic train side-view,estimated,42,450,572,124,1220.15,543,122
freepik_estimated-train-sideview_1108329_01_colored-pack-toy-trains.png,1108329,4,Colored pack of toy trains,https://www.freepik.com/free-vector/colored-pack-toy-trains_1108329.htm,https://www.freepik.com/vectors/locomotive,https://img.freepik.com/free-vector/colored-pack-toy-trains_23-2147620527.jpg,freepik,1,generic train side-view,estimated,198,27,230,80,391.32,420,174
freepik_estimated-train-sideview_1108329_02_colored-pack-toy-trains.png,1108329,4,Colored pack of toy trains,https://www.freepik.com/free-vector/colored-pack-toy-trains_1108329.htm,https://www.freepik.com/vectors/locomotive,https://img.freepik.com/free-vector/colored-pack-toy-trains_23-2147620527.jpg,freepik,2,generic train side-view,estimated,13,86,600,139,1233.31,570,167
freepik_estimated-train-sideview_1108329_03_colored-pack-toy-trains.png,1108329,4,Colored pack of toy trains,https://www.freepik.com/free-vector/colored-pack-toy-trains_1108329.htm,https://www.freepik.com/vectors/locomotive,https://img.freepik.com/free-vector/colored-pack-toy-trains_23-2147620527.jpg,freepik,3,generic train side-view,estimated,14,207,599,141,1219.24,570,169
freepik_estimated-train-sideview_1108329_04_colored-pack-toy-trains.png,1108329,4,Colored pack of toy trains,https://www.freepik.com/free-vector/colored-pack-toy-trains_1108329.htm,https://www.freepik.com/vectors/locomotive,https://img.freepik.com/free-vector/colored-pack-toy-trains_23-2147620527.jpg,freepik,4,generic train side-view,estimated,13,325,600,147,1201.82,571,175
freepik_estimated-train-sideview_1108329_05_colored-pack-toy-trains.png,1108329,4,Colored pack of toy trains,https://www.freepik.com/free-vector/colored-pack-toy-trains_1108329.htm,https://www.freepik.com/vectors/locomotive,https://img.freepik.com/free-vector/colored-pack-toy-trains_23-2147620527.jpg,freepik,5,generic train side-view,estimated,13,453,600,141,1222.54,571,169
freepik_estimated-train-sideview_1107978_01_assortment-colored-trains-flat-design.png,1107978,4,Assortment of colored trains in flat design,https://www.freepik.com/free-vector/assortment-colored-trains-flat-design_1107978.htm,https://www.freepik.com/vectors/locomotive,https://img.freepik.com/free-vector/assortment-colored-trains-flat-design_23-2147620432.jpg,freepik,1,generic train side-view,estimated,16,30,599,192,1046.83,569,200
freepik_estimated-train-sideview_1107978_02_assortment-colored-trains-flat-design.png,1107978,4,Assortment of colored trains in flat design,https://www.freepik.com/free-vector/assortment-colored-trains-flat-design_1107978.htm,https://www.freepik.com/vectors/locomotive,https://img.freepik.com/free-vector/assortment-colored-trains-flat-design_23-2147620432.jpg,freepik,2,generic train side-view,estimated,5,194,605,211,1016.12,574,239
freepik_estimated-train-sideview_1107978_03_assortment-colored-trains-flat-design.png,1107978,4,Assortment of colored trains in flat design,https://www.freepik.com/free-vector/assortment-colored-trains-flat-design_1107978.htm,https://www.freepik.com/vectors/locomotive,https://img.freepik.com/free-vector/assortment-colored-trains-flat-design_23-2147620432.jpg,freepik,3,generic train side-view,estimated,16,372,594,207,998.13,562,233
freepik_estimated-train-sideview_1109070_01_flat-assortment-trains.png,1109070,4,Flat assortment of trains,https://www.freepik.com/free-vector/flat-assortment-trains_1109070.htm,https://www.freepik.com/vectors/locomotive,https://img.freepik.com/free-vector/flat-assortment-trains_23-2147620665.jpg,freepik,1,generic train side-view,estimated,33,33,559,155,1057.54,532,164
freepik_estimated-train-sideview_1109070_02_flat-assortment-trains.png,1109070,4,Flat assortment of trains,https://www.freepik.com/free-vector/flat-assortment-trains_1109070.htm,https://www.freepik.com/vectors/locomotive,https://img.freepik.com/free-vector/flat-assortment-trains_23-2147620665.jpg,freepik,2,generic train side-view,estimated,47,165,531,159,963.77,507,183
freepik_estimated-train-sideview_1109070_03_flat-assortment-trains.png,1109070,4,Flat assortment of trains,https://www.freepik.com/free-vector/flat-assortment-trains_1109070.htm,https://www.freepik.com/vectors/locomotive,https://img.freepik.com/free-vector/flat-assortment-trains_23-2147620665.jpg,freepik,3,generic train side-view,estimated,47,305,532,152,986.01,504,176
freepik_estimated-train-sideview_1109070_04_flat-assortment-trains.png,1109070,4,Flat assortment of trains,https://www.freepik.com/free-vector/flat-assortment-trains_1109070.htm,https://www.freepik.com/vectors/locomotive,https://img.freepik.com/free-vector/flat-assortment-trains_23-2147620665.jpg,freepik,4,generic train side-view,estimated,34,438,559,155,1057.54,531,164
freepik_estimated-train-sideview_1109069_01_selection-flat-trains-with-variety-designs.png,1109069,4,Selection of flat trains with variety of designs,https://www.freepik.com/free-vector/selection-flat-trains-with-variety-designs_1109069.htm,https://www.freepik.com/vectors/locomotive,https://img.freepik.com/free-vector/selection-flat-trains-with-variety-designs_23-2147620664.jpg,freepik,1,generic train side-view,estimated,45,36,537,159,981.42,509,166
freepik_estimated-train-sideview_1109069_02_selection-flat-trains-with-variety-designs.png,1109069,4,Selection of flat trains with variety of designs,https://www.freepik.com/free-vector/selection-flat-trains-with-variety-designs_1109069.htm,https://www.freepik.com/vectors/locomotive,https://img.freepik.com/free-vector/selection-flat-trains-with-variety-designs_23-2147620664.jpg,freepik,2,generic train side-view,estimated,47,176,532,152,986.01,506,176
freepik_estimated-train-sideview_1110348_01_train-station-background-vintage-style.png,1110348,4,Train station background in vintage style,https://www.freepik.com/free-vector/train-station-background-vintage-style_1110348.htm,https://www.freepik.com/vectors/locomotive,https://img.freepik.com/free-vector/train-station-background-vintage-style_23-2147621386.jpg,freepik,1,generic train side-view,estimated,141,33,344,49,996.48,420,66
freepik_estimated-train-sideview_1110348_02_train-station-background-vintage-style.png,1110348,4,Train station background in vintage style,https://www.freepik.com/free-vector/train-station-background-vintage-style_1110348.htm,https://www.freepik.com/vectors/locomotive,https://img.freepik.com/free-vector/train-station-background-vintage-style_23-2147621386.jpg,freepik,2,generic train side-view,estimated,210,74,206,48,462.97,420,108
freepik_estimated-train-sideview_3762691_01_transports-sticker-collection.png,3762691,4,Transports sticker collection,https://www.freepik.com/free-vector/transports-sticker-collection_3762691.htm,https://www.freepik.com/vectors/locomotive,https://img.freepik.com/free-vector/transports-sticker-collection_23-2148047968.jpg,freepik,1,generic train side-view,estimated,16,316,598,217,985.7,564,220
freepik_estimated-train-sideview_3762691_02_transports-sticker-collection.png,3762691,4,Transports sticker collection,https://www.freepik.com/free-vector/transports-sticker-collection_3762691.htm,https://www.freepik.com/vectors/locomotive,https://img.freepik.com/free-vector/transports-sticker-collection_23-2148047968.jpg,freepik,2,generic train side-view,estimated,123,532,379,41,1315.2,420,54
freepik_estimated-train-sideview_1114145_01_toy-trains-with-cranks.png,1114145,4,Toy trains with cranks,https://www.freepik.com/free-vector/toy-trains-with-cranks_1114145.htm,https://www.freepik.com/vectors/locomotive,https://img.freepik.com/free-vector/toy-trains-with-cranks_23-2147623840.jpg,freepik,1,generic train side-view,estimated,18,36,590,177,1072.76,560,165
freepik_estimated-train-sideview_1114145_02_toy-trains-with-cranks.png,1114145,4,Toy trains with cranks,https://www.freepik.com/free-vector/toy-trains-with-cranks_1114145.htm,https://www.freepik.com/vectors/locomotive,https://img.freepik.com/free-vector/toy-trains-with-cranks_23-2147623840.jpg,freepik,2,generic train side-view,estimated,19,227,588,147,1169.54,560,141
freepik_estimated-train-sideview_1114145_03_toy-trains-with-cranks.png,1114145,4,Toy trains with cranks,https://www.freepik.com/free-vector/toy-trains-with-cranks_1114145.htm,https://www.freepik.com/vectors/locomotive,https://img.freepik.com/free-vector/toy-trains-with-cranks_23-2147623840.jpg,freepik,3,generic train side-view,estimated,19,380,588,177,1066.89,560,165
freepik_estimated-train-sideview_1114143_01_colored-toy-trains-flat-design.png,1114143,4,Colored toy trains in flat design,https://www.freepik.com/free-vector/colored-toy-trains-flat-design_1114143.htm,https://www.freepik.com/vectors/locomotive,https://img.freepik.com/free-vector/colored-toy-trains-flat-design_23-2147623586.jpg,freepik,1,generic train side-view,estimated,17,34,597,249,917.25,569,225
freepik_estimated-train-sideview_1114143_02_colored-toy-trains-flat-design.png,1114143,4,Colored toy trains in flat design,https://www.freepik.com/free-vector/colored-toy-trains-flat-design_1114143.htm,https://www.freepik.com/vectors/locomotive,https://img.freepik.com/free-vector/colored-toy-trains-flat-design_23-2147623586.jpg,freepik,2,generic train side-view,estimated,3,284,611,275,904.11,581,247
freepik_estimated-train-sideview_1108327_01_set-hand-drawn-toy-trains.png,1108327,4,Set of hand-drawn toy trains,https://www.freepik.com/free-vector/set-hand-drawn-toy-trains_1108327.htm,https://www.freepik.com/vectors/locomotive,https://img.freepik.com/free-vector/set-hand-drawn-toy-trains_23-2147620525.jpg,freepik,1,generic train side-view,estimated,139,21,348,77,746.71,420,102
freepik_estimated-train-sideview_1108327_02_set-hand-drawn-toy-trains.png,1108327,4,Set of hand-drawn toy trains,https://www.freepik.com/free-vector/set-hand-drawn-toy-trains_1108327.htm,https://www.freepik.com/vectors/locomotive,https://img.freepik.com/free-vector/set-hand-drawn-toy-trains_23-2147620525.jpg,freepik,2,generic train side-view,estimated,4,93,622,183,1132.51,591,198
freepik_estimated-train-sideview_1108327_03_set-hand-drawn-toy-trains.png,1108327,4,Set of hand-drawn toy trains,https://www.freepik.com/free-vector/set-hand-drawn-toy-trains_1108327.htm,https://www.freepik.com/vectors/locomotive,https://img.freepik.com/free-vector/set-hand-drawn-toy-trains_23-2147620525.jpg,freepik,3,generic train side-view,estimated,2,250,624,183,1138.41,592,211
freepik_estimated-train-sideview_1108327_04_set-hand-drawn-toy-trains.png,1108327,4,Set of hand-drawn toy trains,https://www.freepik.com/free-vector/set-hand-drawn-toy-trains_1108327.htm,https://www.freepik.com/vectors/locomotive,https://img.freepik.com/free-vector/set-hand-drawn-toy-trains_23-2147620525.jpg,freepik,4,generic train side-view,estimated,3,419,623,169,1187.22,592,174
freepik_estimated-train-sideview_1106733_01_toy-train-collection.png,1106733,4,Toy train collection,https://www.freepik.com/free-vector/toy-train-collection_1106733.htm,https://www.freepik.com/vectors/locomotive,https://img.freepik.com/free-vector/toy-train-collection_23-2147619612.jpg,freepik,1,generic train side-view,estimated,236,21,207,54,428.21,420,119
freepik_estimated-train-sideview_1106733_02_toy-train-collection.png,1106733,4,Toy train collection,https://www.freepik.com/free-vector/toy-train-collection_1106733.htm,https://www.freepik.com/vectors/locomotive,https://img.freepik.com/free-vector/toy-train-collection_23-2147619612.jpg,freepik,2,generic train side-view,estimated,7,83,612,146,1246.18,582,142
freepik_estimated-train-sideview_1106733_03_toy-train-collection.png,1106733,4,Toy train collection,https://www.freepik.com/free-vector/toy-train-collection_1106733.htm,https://www.freepik.com/vectors/locomotive,https://img.freepik.com/free-vector/toy-train-collection_23-2147619612.jpg,freepik,3,generic train side-view,estimated,7,229,612,155,1210.79,582,149
