filename,source_id,source_page,source_name,source_url,preview_url,author,crop_index,estimated_model,confidence,bbox_x,bbox_y,bbox_width,bbox_height,score,output_width,output_height
freepik_estimated-high-speed-emu_9509631_01_flat-modern-high-speed-trains-collection.png,9509631,1,Flat Modern High-Speed Trains Collection,https://www.freepik.com/free-vector/flat-modern-high-speed-trains-collection_9509631.htm,https://img.freepik.com/free-vector/flat-modern-high-speed-trains-collection_1284-36208.jpg,macrovector,1,high-speed EMU,estimated,11,59,604,79,1669.6,574,87
freepik_estimated-high-speed-emu_9509631_02_flat-modern-high-speed-trains-collection.png,9509631,1,Flat Modern High-Speed Trains Collection,https://www.freepik.com/free-vector/flat-modern-high-speed-trains-collection_9509631.htm,https://img.freepik.com/free-vector/flat-modern-high-speed-trains-collection_1284-36208.jpg,macrovector,2,high-speed EMU,estimated,11,170,604,79,1669.6,576,87
freepik_estimated-high-speed-emu_9509631_03_flat-modern-high-speed-trains-collection.png,9509631,1,Flat Modern High-Speed Trains Collection,https://www.freepik.com/free-vector/flat-modern-high-speed-trains-collection_9509631.htm,https://img.freepik.com/free-vector/flat-modern-high-speed-trains-collection_1284-36208.jpg,macrovector,3,high-speed EMU,estimated,11,281,604,80,1656.5,574,88
freepik_estimated-train-sideview_4267690_01_rail-transport-flat-colorful-icons-set.png,4267690,1,Rail Transport Flat Colorful Icons Set,https://www.freepik.com/free-vector/rail-transport-flat-colorful-icons-set_4267690.htm,https://img.freepik.com/free-vector/rail-transport-flat-colorful-icons-set_1284-17155.jpg,macrovector,1,generic train side-view,estimated,0,9,626,98,1667.88,622,106
freepik_estimated-train-sideview_4267690_02_rail-transport-flat-colorful-icons-set.png,4267690,1,Rail Transport Flat Colorful Icons Set,https://www.freepik.com/free-vector/rail-transport-flat-colorful-icons-set_4267690.htm,https://img.freepik.com/free-vector/rail-transport-flat-colorful-icons-set_1284-17155.jpg,macrovector,2,generic train side-view,estimated,0,136,626,99,1641.16,618,107
freepik_estimated-train-sideview_4267690_03_rail-transport-flat-colorful-icons-set.png,4267690,1,Rail Transport Flat Colorful Icons Set,https://www.freepik.com/free-vector/rail-transport-flat-colorful-icons-set_4267690.htm,https://img.freepik.com/free-vector/rail-transport-flat-colorful-icons-set_1284-17155.jpg,macrovector,3,generic train side-view,estimated,0,265,626,108,1551.06,613,115
freepik_estimated-train-sideview_4267690_04_rail-transport-flat-colorful-icons-set.png,4267690,1,Rail Transport Flat Colorful Icons Set,https://www.freepik.com/free-vector/rail-transport-flat-colorful-icons-set_4267690.htm,https://img.freepik.com/free-vector/rail-transport-flat-colorful-icons-set_1284-17155.jpg,macrovector,4,generic train side-view,estimated,0,377,626,97,1728.5,635,105
freepik_estimated-train-sideview_4267690_05_rail-transport-flat-colorful-icons-set.png,4267690,1,Rail Transport Flat Colorful Icons Set,https://www.freepik.com/free-vector/rail-transport-flat-colorful-icons-set_4267690.htm,https://img.freepik.com/free-vector/rail-transport-flat-colorful-icons-set_1284-17155.jpg,macrovector,5,generic train side-view,estimated,0,494,626,124,1551.26,636,129
freepik_estimated-train-sideview_1112981_01_modern-train-collection.png,1112981,1,Modern train collection,https://www.freepik.com/free-vector/modern-train-collection_1112981.htm,https://img.freepik.com/free-vector/modern-train-collection_23-2147622631.jpg,freepik,1,generic train side-view,estimated,66,40,497,126,980.06,472,130
freepik_estimated-train-sideview_1112981_02_modern-train-collection.png,1112981,1,Modern train collection,https://www.freepik.com/free-vector/modern-train-collection_1112981.htm,https://img.freepik.com/free-vector/modern-train-collection_23-2147622631.jpg,freepik,2,generic train side-view,estimated,11,174,613,79,1710.01,583,87
freepik_estimated-train-sideview_1112981_03_modern-train-collection.png,1112981,1,Modern train collection,https://www.freepik.com/free-vector/modern-train-collection_1112981.htm,https://img.freepik.com/free-vector/modern-train-collection_23-2147622631.jpg,freepik,3,generic train side-view,estimated,41,258,575,100,1358.89,545,104
freepik_estimated-train-sideview_1112981_04_modern-train-collection.png,1112981,1,Modern train collection,https://www.freepik.com/free-vector/modern-train-collection_1112981.htm,https://img.freepik.com/free-vector/modern-train-collection_23-2147622631.jpg,freepik,4,generic train side-view,estimated,16,378,601,72,1756.66,571,80
freepik_estimated-train-sideview_1112981_05_modern-train-collection.png,1112981,1,Modern train collection,https://www.freepik.com/free-vector/modern-train-collection_1112981.htm,https://img.freepik.com/free-vector/modern-train-collection_23-2147622631.jpg,freepik,5,generic train side-view,estimated,65,466,533,117,1129.92,505,128
freepik_estimated-train-sideview_1106838_01_flat-pack-modern-trains.png,1106838,1,Flat pack of modern trains,https://www.freepik.com/free-vector/flat-pack-modern-trains_1106838.htm,https://img.freepik.com/free-vector/flat-pack-modern-trains_23-2147619890.jpg,freepik,1,generic train side-view,estimated,38,65,550,94,1321.14,520,98
freepik_estimated-train-sideview_1106838_02_flat-pack-modern-trains.png,1106838,1,Flat pack of modern trains,https://www.freepik.com/free-vector/flat-pack-modern-trains_1106838.htm,https://img.freepik.com/free-vector/flat-pack-modern-trains_23-2147619890.jpg,freepik,2,generic train side-view,estimated,40,202,546,88,1341.4,517,92
freepik_estimated-train-sideview_1106838_03_flat-pack-modern-trains.png,1106838,1,Flat pack of modern trains,https://www.freepik.com/free-vector/flat-pack-modern-trains_1106838.htm,https://img.freepik.com/free-vector/flat-pack-modern-trains_23-2147619890.jpg,freepik,3,generic train side-view,estimated,23,328,580,93,1440.93,551,101
freepik_estimated-train-sideview_1106838_04_flat-pack-modern-trains.png,1106838,1,Flat pack of modern trains,https://www.freepik.com/free-vector/flat-pack-modern-trains_1106838.htm,https://img.freepik.com/free-vector/flat-pack-modern-trains_23-2147619890.jpg,freepik,4,generic train side-view,estimated,13,462,601,85,1582.55,571,95
freepik_estimated-train-sideview_1111360_01_various-modern-trains-flat-design.png,1111360,1,Various modern trains in flat design,https://www.freepik.com/free-vector/various-modern-trains-flat-design_1111360.htm,https://img.freepik.com/free-vector/various-modern-trains-flat-design_23-2147622171.jpg,freepik,1,generic train side-view,estimated,162,35,302,54,760.06,420,84
freepik_estimated-train-sideview_1111360_02_various-modern-trains-flat-design.png,1111360,1,Various modern trains in flat design,https://www.freepik.com/free-vector/various-modern-trains-flat-design_1111360.htm,https://img.freepik.com/free-vector/various-modern-trains-flat-design_23-2147622171.jpg,freepik,2,generic train side-view,estimated,0,119,626,108,1609.98,628,114
freepik_estimated-train-sideview_1111360_03_various-modern-trains-flat-design.png,1111360,1,Various modern trains in flat design,https://www.freepik.com/free-vector/various-modern-trains-flat-design_1111360.htm,https://img.freepik.com/free-vector/various-modern-trains-flat-design_23-2147622171.jpg,freepik,3,generic train side-view,estimated,0,239,626,99,1682.23,628,108
freepik_estimated-train-sideview_1111360_04_various-modern-trains-flat-design.png,1111360,1,Various modern trains in flat design,https://www.freepik.com/free-vector/various-modern-trains-flat-design_1111360.htm,https://img.freepik.com/free-vector/various-modern-trains-flat-design_23-2147622171.jpg,freepik,4,generic train side-view,estimated,0,349,626,105,1642.17,628,111
freepik_estimated-train-sideview_1111360_05_various-modern-trains-flat-design.png,1111360,1,Various modern trains in flat design,https://www.freepik.com/free-vector/various-modern-trains-flat-design_1111360.htm,https://img.freepik.com/free-vector/various-modern-trains-flat-design_23-2147622171.jpg,freepik,5,generic train side-view,estimated,0,457,626,117,1553.34,628,121
freepik_estimated-metro-emu_6852156_01_passenger-tram-train-realistic-mockup-set-suburb.png,6852156,1,Passenger tram train realistic mockup set of suburban underground metropolitan and intercity trains on blank illustration,https://www.freepik.com/free-vector/passenger-tram-train-realistic-mockup-set-suburban-underground-metropolitan-intercity-trains-blank-illustration_6852156.htm,https://img.freepik.com/free-vector/passenger-tram-train-realistic-mockup-set-suburban-underground-metropolitan-intercity-trains-blank-illustration_1284-28551.jpg,macrovector,1,metro EMU,estimated,0,21,626,90,1691.43,613,110
freepik_estimated-metro-emu_6852156_02_passenger-tram-train-realistic-mockup-set-suburb.png,6852156,1,Passenger tram train realistic mockup set of suburban underground metropolitan and intercity trains on blank illustration,https://www.freepik.com/free-vector/passenger-tram-train-realistic-mockup-set-suburban-underground-metropolitan-intercity-trains-blank-illustration_6852156.htm,https://img.freepik.com/free-vector/passenger-tram-train-realistic-mockup-set-suburban-underground-metropolitan-intercity-trains-blank-illustration_1284-28551.jpg,macrovector,2,metro EMU,estimated,0,124,626,100,1566.53,603,106
freepik_estimated-metro-emu_6852156_03_passenger-tram-train-realistic-mockup-set-suburb.png,6852156,1,Passenger tram train realistic mockup set of suburban underground metropolitan and intercity trains on blank illustration,https://www.freepik.com/free-vector/passenger-tram-train-realistic-mockup-set-suburban-underground-metropolitan-intercity-trains-blank-illustration_6852156.htm,https://img.freepik.com/free-vector/passenger-tram-train-realistic-mockup-set-suburban-underground-metropolitan-intercity-trains-blank-illustration_1284-28551.jpg,macrovector,3,metro EMU,estimated,0,235,626,84,1760.03,611,97
freepik_estimated-train-sideview_1118921_01_set-modern-trains-flat-design.png,1118921,1,Set of modern trains in flat design,https://www.freepik.com/free-vector/set-modern-trains-flat-design_1118921.htm,https://img.freepik.com/free-vector/set-modern-trains-flat-design_23-2147625356.jpg,freepik,1,generic train side-view,estimated,51,91,523,86,1276.63,496,90
freepik_estimated-train-sideview_1118921_02_set-modern-trains-flat-design.png,1118921,1,Set of modern trains in flat design,https://www.freepik.com/free-vector/set-modern-trains-flat-design_1118921.htm,https://img.freepik.com/free-vector/set-modern-trains-flat-design_23-2147625356.jpg,freepik,2,generic train side-view,estimated,49,184,528,90,1260.89,500,94
freepik_estimated-train-sideview_1118921_03_set-modern-trains-flat-design.png,1118921,1,Set of modern trains in flat design,https://www.freepik.com/free-vector/set-modern-trains-flat-design_1118921.htm,https://img.freepik.com/free-vector/set-modern-trains-flat-design_23-2147625356.jpg,freepik,3,generic train side-view,estimated,35,279,555,89,1367.88,527,95
freepik_estimated-train-sideview_1118921_04_set-modern-trains-flat-design.png,1118921,1,Set of modern trains in flat design,https://www.freepik.com/free-vector/set-modern-trains-flat-design_1118921.htm,https://img.freepik.com/free-vector/set-modern-trains-flat-design_23-2147625356.jpg,freepik,4,generic train side-view,estimated,52,376,523,86,1276.63,495,90
freepik_estimated-train-sideview_1118921_05_set-modern-trains-flat-design.png,1118921,1,Set of modern trains in flat design,https://www.freepik.com/free-vector/set-modern-trains-flat-design_1118921.htm,https://img.freepik.com/free-vector/set-modern-trains-flat-design_23-2147625356.jpg,freepik,5,generic train side-view,estimated,51,467,524,93,1237.15,496,95
freepik_estimated-train-sideview_1109134_01_set-trains-blue-tones.png,1109134,1,Set of trains in blue tones,https://www.freepik.com/free-vector/set-trains-blue-tones_1109134.htm,https://img.freepik.com/free-vector/set-trains-blue-tones_23-2147620808.jpg,freepik,1,generic train side-view,estimated,25,73,576,130,1198.56,546,133
freepik_estimated-train-sideview_1109134_02_set-trains-blue-tones.png,1109134,1,Set of trains in blue tones,https://www.freepik.com/free-vector/set-trains-blue-tones_1109134.htm,https://img.freepik.com/free-vector/set-trains-blue-tones_23-2147620808.jpg,freepik,2,generic train side-view,estimated,26,235,574,138,1159.47,545,136
freepik_estimated-train-sideview_1109134_03_set-trains-blue-tones.png,1109134,1,Set of trains in blue tones,https://www.freepik.com/free-vector/set-trains-blue-tones_1109134.htm,https://img.freepik.com/free-vector/set-trains-blue-tones_23-2147620808.jpg,freepik,3,generic train side-view,estimated,24,410,577,127,1219.3,548,129
freepik_estimated-rail-car_1106065_01_collection-railway-wagons.png,1106065,1,Collection of railway wagons,https://www.freepik.com/free-vector/collection-railway-wagons_1106065.htm,https://img.freepik.com/free-vector/collection-railway-wagons_23-2147619052.jpg,freepik,1,rail car / wagon,estimated,202,13,222,50,507.06,420,103
freepik_estimated-rail-car_1106065_02_collection-railway-wagons.png,1106065,1,Collection of railway wagons,https://www.freepik.com/free-vector/collection-railway-wagons_1106065.htm,https://img.freepik.com/free-vector/collection-railway-wagons_23-2147619052.jpg,freepik,2,rail car / wagon,estimated,35,41,548,261,788.23,518,285
freepik_estimated-rail-car_1106065_03_collection-railway-wagons.png,1106065,1,Collection of railway wagons,https://www.freepik.com/free-vector/collection-railway-wagons_1106065.htm,https://img.freepik.com/free-vector/collection-railway-wagons_23-2147619052.jpg,freepik,3,rail car / wagon,estimated,39,286,542,98,1257.51,511,100
freepik_estimated-rail-car_1106065_04_collection-railway-wagons.png,1106065,1,Collection of railway wagons,https://www.freepik.com/free-vector/collection-railway-wagons_1106065.htm,https://img.freepik.com/free-vector/collection-railway-wagons_23-2147619052.jpg,freepik,4,rail car / wagon,estimated,36,380,546,117,1167.79,515,128
freepik_estimated-rail-car_1106065_05_collection-railway-wagons.png,1106065,1,Collection of railway wagons,https://www.freepik.com/free-vector/collection-railway-wagons_1106065.htm,https://img.freepik.com/free-vector/collection-railway-wagons_23-2147619052.jpg,freepik,5,rail car / wagon,estimated,37,473,547,127,1124.85,518,151
freepik_estimated-train-sideview_1112972_01_flat-train-collection.png,1112972,1,Flat train collection,https://www.freepik.com/free-vector/flat-train-collection_1112972.htm,https://img.freepik.com/free-vector/flat-train-collection_23-2147623151.jpg,freepik,1,generic train side-view,estimated,0,0,626,57,2237.5,658,76
freepik_estimated-train-sideview_1112972_02_flat-train-collection.png,1112972,1,Flat train collection,https://www.freepik.com/free-vector/flat-train-collection_1112972.htm,https://img.freepik.com/free-vector/flat-train-collection_23-2147623151.jpg,freepik,2,generic train side-view,estimated,0,76,580,71,1748.75,564,77
freepik_estimated-train-sideview_1112972_03_flat-train-collection.png,1112972,1,Flat train collection,https://www.freepik.com/free-vector/flat-train-collection_1112972.htm,https://img.freepik.com/free-vector/flat-train-collection_23-2147623151.jpg,freepik,3,generic train side-view,estimated,46,140,580,71,1748.75,564,77
freepik_estimated-train-sideview_1112972_04_flat-train-collection.png,1112972,1,Flat train collection,https://www.freepik.com/free-vector/flat-train-collection_1112972.htm,https://img.freepik.com/free-vector/flat-train-collection_23-2147623151.jpg,freepik,4,generic train side-view,estimated,0,260,559,72,1616.67,539,78
freepik_estimated-train-sideview_1112972_05_flat-train-collection.png,1112972,1,Flat train collection,https://www.freepik.com/free-vector/flat-train-collection_1112972.htm,https://img.freepik.com/free-vector/flat-train-collection_23-2147623151.jpg,freepik,5,generic train side-view,estimated,67,331,559,72,1616.67,539,78
freepik_estimated-train-sideview_1112972_06_flat-train-collection.png,1112972,1,Flat train collection,https://www.freepik.com/free-vector/flat-train-collection_1112972.htm,https://img.freepik.com/free-vector/flat-train-collection_23-2147623151.jpg,freepik,6,generic train side-view,estimated,0,450,557,68,1672.93,538,75
freepik_estimated-train-sideview_1112972_07_flat-train-collection.png,1112972,1,Flat train collection,https://www.freepik.com/free-vector/flat-train-collection_1112972.htm,https://img.freepik.com/free-vector/flat-train-collection_23-2147623151.jpg,freepik,7,generic train side-view,estimated,69,520,557,68,1668.16,537,74
freepik_estimated-metro-emu_26762526_01_coloured-passenger-subway-suburban-train-realist.png,26762526,1,Coloured passenger subway suburban train realistic mockup set isolated on white background vector illustration,https://www.freepik.com/free-vector/coloured-passenger-subway-suburban-train-realistic-mockup-set-isolated-white-background-vector-illustration_26762526.htm,https://img.freepik.com/free-vector/coloured-passenger-subway-suburban-train-realistic-mockup-set-isolated-white-background-vector-illustration_1284-70540.jpg,macrovector,1,metro EMU,estimated,28,40,570,80,1516.56,540,86
freepik_estimated-metro-emu_26762526_02_coloured-passenger-subway-suburban-train-realist.png,26762526,1,Coloured passenger subway suburban train realistic mockup set isolated on white background vector illustration,https://www.freepik.com/free-vector/coloured-passenger-subway-suburban-train-realistic-mockup-set-isolated-white-background-vector-illustration_26762526.htm,https://img.freepik.com/free-vector/coloured-passenger-subway-suburban-train-realistic-mockup-set-isolated-white-background-vector-illustration_1284-70540.jpg,macrovector,2,metro EMU,estimated,12,136,602,80,1647.64,572,89
freepik_estimated-metro-emu_26762526_03_coloured-passenger-subway-suburban-train-realist.png,26762526,1,Coloured passenger subway suburban train realistic mockup set isolated on white background vector illustration,https://www.freepik.com/free-vector/coloured-passenger-subway-suburban-train-realistic-mockup-set-isolated-white-background-vector-illustration_26762526.htm,https://img.freepik.com/free-vector/coloured-passenger-subway-suburban-train-realistic-mockup-set-isolated-white-background-vector-illustration_1284-70540.jpg,macrovector,3,metro EMU,estimated,15,227,596,90,1507.62,564,96
freepik_estimated-train-sideview_1112911_01_modern-train-colecction.png,1112911,1,Modern train colecction,https://www.freepik.com/free-vector/modern-train-colecction_1112911.htm,https://img.freepik.com/free-vector/modern-train-colecction_23-2147622392.jpg,freepik,1,generic train side-view,estimated,0,45,626,95,1629.02,604,109
freepik_estimated-train-sideview_1112911_02_modern-train-colecction.png,1112911,1,Modern train colecction,https://www.freepik.com/free-vector/modern-train-colecction_1112911.htm,https://img.freepik.com/free-vector/modern-train-colecction_23-2147622392.jpg,freepik,2,generic train side-view,estimated,0,189,623,94,1623.03,599,111
freepik_estimated-train-sideview_1112911_03_modern-train-colecction.png,1112911,1,Modern train colecction,https://www.freepik.com/free-vector/modern-train-colecction_1112911.htm,https://img.freepik.com/free-vector/modern-train-colecction_23-2147622392.jpg,freepik,3,generic train side-view,estimated,0,329,626,97,1596.0,601,103
freepik_estimated-train-sideview_1112911_04_modern-train-colecction.png,1112911,1,Modern train colecction,https://www.freepik.com/free-vector/modern-train-colecction_1112911.htm,https://img.freepik.com/free-vector/modern-train-colecction_23-2147622392.jpg,freepik,4,generic train side-view,estimated,0,445,626,127,1422.86,607,127
freepik_estimated-train-sideview_1112971_01_flat-multicolor-train-collection.png,1112971,1,Flat multicolor train collectión,https://www.freepik.com/free-vector/flat-multicolor-train-collection_1112971.htm,https://img.freepik.com/free-vector/flat-multicolor-train-collection_23-2147623150.jpg,freepik,1,generic train side-view,estimated,117,16,392,53,1141.7,420,64
freepik_estimated-train-sideview_1112971_02_flat-multicolor-train-collection.png,1112971,1,Flat multicolor train collectión,https://www.freepik.com/free-vector/flat-multicolor-train-collection_1112971.htm,https://img.freepik.com/free-vector/flat-multicolor-train-collection_23-2147623150.jpg,freepik,2,generic train side-view,estimated,0,86,626,71,1932.4,604,79
freepik_estimated-train-sideview_1112971_03_flat-multicolor-train-collection.png,1112971,1,Flat multicolor train collectión,https://www.freepik.com/free-vector/flat-multicolor-train-collection_1112971.htm,https://img.freepik.com/free-vector/flat-multicolor-train-collection_23-2147623150.jpg,freepik,3,generic train side-view,estimated,0,198,626,62,2113.0,604,70
freepik_estimated-train-sideview_1112971_04_flat-multicolor-train-collection.png,1112971,1,Flat multicolor train collectión,https://www.freepik.com/free-vector/flat-multicolor-train-collection_1112971.htm,https://img.freepik.com/free-vector/flat-multicolor-train-collection_23-2147623150.jpg,freepik,4,generic train side-view,estimated,0,301,626,71,1937.31,605,79
freepik_estimated-train-sideview_1112971_05_flat-multicolor-train-collection.png,1112971,1,Flat multicolor train collectión,https://www.freepik.com/free-vector/flat-multicolor-train-collection_1112971.htm,https://img.freepik.com/free-vector/flat-multicolor-train-collection_23-2147623150.jpg,freepik,5,generic train side-view,estimated,0,411,626,66,2026.72,605,74
freepik_estimated-train-sideview_1112971_06_flat-multicolor-train-collection.png,1112971,1,Flat multicolor train collectión,https://www.freepik.com/free-vector/flat-multicolor-train-collection_1112971.htm,https://img.freepik.com/free-vector/flat-multicolor-train-collection_23-2147623150.jpg,freepik,6,generic train side-view,estimated,0,516,626,71,1932.4,605,79
freepik_estimated-high-speed-emu_1112912_01_high-speed-train-collection.png,1112912,1,High speed train collection,https://www.freepik.com/free-vector/high-speed-train-collection_1112912.htm,https://img.freepik.com/free-vector/high-speed-train-collection_23-2147622393.jpg,freepik,1,high-speed EMU,estimated,0,51,626,106,1568.99,617,113
freepik_estimated-high-speed-emu_1112912_02_high-speed-train-collection.png,1112912,1,High speed train collection,https://www.freepik.com/free-vector/high-speed-train-collection_1112912.htm,https://img.freepik.com/free-vector/high-speed-train-collection_23-2147622393.jpg,freepik,2,high-speed EMU,estimated,0,187,626,99,1702.88,635,107
freepik_estimated-high-speed-emu_1112912_03_high-speed-train-collection.png,1112912,1,High speed train collection,https://www.freepik.com/free-vector/high-speed-train-collection_1112912.htm,https://img.freepik.com/free-vector/high-speed-train-collection_23-2147622393.jpg,freepik,3,high-speed EMU,estimated,0,328,626,101,1617.23,617,120
freepik_estimated-high-speed-emu_1112912_04_high-speed-train-collection.png,1112912,1,High speed train collection,https://www.freepik.com/free-vector/high-speed-train-collection_1112912.htm,https://img.freepik.com/free-vector/high-speed-train-collection_23-2147622393.jpg,freepik,4,high-speed EMU,estimated,0,452,626,126,1491.75,629,129
freepik_estimated-steam-locomotive_1111358_01_set-modern-antique-trains.png,1111358,1,Set of modern and antique trains,https://www.freepik.com/free-vector/set-modern-antique-trains_1111358.htm,https://img.freepik.com/free-vector/set-modern-antique-trains_23-2147621782.jpg,freepik,1,steam locomotive,estimated,36,35,577,146,1139.17,548,156
freepik_estimated-steam-locomotive_1111358_02_set-modern-antique-trains.png,1111358,1,Set of modern and antique trains,https://www.freepik.com/free-vector/set-modern-antique-trains_1111358.htm,https://img.freepik.com/free-vector/set-modern-antique-trains_23-2147621782.jpg,freepik,2,steam locomotive,estimated,23,194,588,121,1282.25,559,120
freepik_estimated-steam-locomotive_1111358_03_set-modern-antique-trains.png,1111358,1,Set of modern and antique trains,https://www.freepik.com/free-vector/set-modern-antique-trains_1111358.htm,https://img.freepik.com/free-vector/set-modern-antique-trains_23-2147621782.jpg,freepik,3,steam locomotive,estimated,38,286,556,173,987.11,528,181
freepik_estimated-steam-locomotive_1111358_04_set-modern-antique-trains.png,1111358,1,Set of modern and antique trains,https://www.freepik.com/free-vector/set-modern-antique-trains_1111358.htm,https://img.freepik.com/free-vector/set-modern-antique-trains_23-2147621782.jpg,freepik,4,steam locomotive,estimated,26,449,577,126,1225.27,547,123
freepik_estimated-train-sideview_1125356_01_assortment-three-flat-trains.png,1125356,1,Assortment of three flat trains,https://www.freepik.com/free-vector/assortment-three-flat-trains_1125356.htm,https://img.freepik.com/free-vector/assortment-three-flat-trains_23-2147627270.jpg,freepik,1,generic train side-view,estimated,44,66,542,111,1179.06,512,110
freepik_estimated-train-sideview_1125356_02_assortment-three-flat-trains.png,1125356,1,Assortment of three flat trains,https://www.freepik.com/free-vector/assortment-three-flat-trains_1125356.htm,https://img.freepik.com/free-vector/assortment-three-flat-trains_23-2147627270.jpg,freepik,2,generic train side-view,estimated,47,210,531,97,1231.56,503,99
freepik_estimated-train-sideview_1125356_03_assortment-three-flat-trains.png,1125356,1,Assortment of three flat trains,https://www.freepik.com/free-vector/assortment-three-flat-trains_1125356.htm,https://img.freepik.com/free-vector/assortment-three-flat-trains_23-2147627270.jpg,freepik,3,generic train side-view,estimated,47,346,531,94,1255.64,503,96
freepik_estimated-train-sideview_1125356_04_assortment-three-flat-trains.png,1125356,1,Assortment of three flat trains,https://www.freepik.com/free-vector/assortment-three-flat-trains_1125356.htm,https://img.freepik.com/free-vector/assortment-three-flat-trains_23-2147627270.jpg,freepik,4,generic train side-view,estimated,69,475,488,83,1174.01,464,87
freepik_estimated-metro-emu_6852154_01_passenger-tram-train-realistic-mockup-with-side.png,6852154,1,Passenger tram train realistic mockup with side view of three metropolitan trains with various coloring livery illustration,https://www.freepik.com/free-vector/passenger-tram-train-realistic-mockup-with-side-view-three-metropolitan-trains-with-various-coloring-livery-illustration_6852154.htm,https://img.freepik.com/free-vector/passenger-tram-train-realistic-mockup-with-side-view-three-metropolitan-trains-with-various-coloring-livery-illustration_1284-28549.jpg,macrovector,1,metro EMU,estimated,6,38,618,127,1355.03,589,128
freepik_estimated-metro-emu_6852154_02_passenger-tram-train-realistic-mockup-with-side.png,6852154,1,Passenger tram train realistic mockup with side view of three metropolitan trains with various coloring livery illustration,https://www.freepik.com/free-vector/passenger-tram-train-realistic-mockup-with-side-view-three-metropolitan-trains-with-various-coloring-livery-illustration_6852154.htm,https://img.freepik.com/free-vector/passenger-tram-train-realistic-mockup-with-side-view-three-metropolitan-trains-with-various-coloring-livery-illustration_1284-28549.jpg,macrovector,2,metro EMU,estimated,6,190,618,126,1361.66,589,128
freepik_estimated-metro-emu_6852154_03_passenger-tram-train-realistic-mockup-with-side.png,6852154,1,Passenger tram train realistic mockup with side view of three metropolitan trains with various coloring livery illustration,https://www.freepik.com/free-vector/passenger-tram-train-realistic-mockup-with-side-view-three-metropolitan-trains-with-various-coloring-livery-illustration_6852154.htm,https://img.freepik.com/free-vector/passenger-tram-train-realistic-mockup-with-side-view-three-metropolitan-trains-with-various-coloring-livery-illustration_1284-28549.jpg,macrovector,3,metro EMU,estimated,6,341,618,127,1355.03,589,128
freepik_estimated-tram_6852143_01_passenger-tram-train-realistic-set-with-isolated.png,6852143,1,Passenger tram train realistic set with isolated images of public transport railroad cars and electric trams illustration,https://www.freepik.com/free-vector/passenger-tram-train-realistic-set-with-isolated-images-public-transport-railroad-cars-electric-trams-illustration_6852143.htm,https://img.freepik.com/free-vector/passenger-tram-train-realistic-set-with-isolated-images-public-transport-railroad-cars-electric-trams-illustration_1284-28538.jpg,macrovector,1,tram / light rail,estimated,0,18,626,100,1602.76,611,119
freepik_estimated-tram_6852143_02_passenger-tram-train-realistic-set-with-isolated.png,6852143,1,Passenger tram train realistic set with isolated images of public transport railroad cars and electric trams illustration,https://www.freepik.com/free-vector/passenger-tram-train-realistic-set-with-isolated-images-public-transport-railroad-cars-electric-trams-illustration_6852143.htm,https://img.freepik.com/free-vector/passenger-tram-train-realistic-set-with-isolated-images-public-transport-railroad-cars-electric-trams-illustration_1284-28538.jpg,macrovector,2,tram / light rail,estimated,2,128,409,101,809.88,420,123
freepik_estimated-tram_6852143_03_passenger-tram-train-realistic-set-with-isolated.png,6852143,1,Passenger tram train realistic set with isolated images of public transport railroad cars and electric trams illustration,https://www.freepik.com/free-vector/passenger-tram-train-realistic-set-with-isolated-images-public-transport-railroad-cars-electric-trams-illustration_6852143.htm,https://img.freepik.com/free-vector/passenger-tram-train-realistic-set-with-isolated-images-public-transport-railroad-cars-electric-trams-illustration_1284-28538.jpg,macrovector,3,tram / light rail,estimated,0,240,626,94,1648.07,605,111
freepik_estimated-tram_6852143_04_passenger-tram-train-realistic-set-with-isolated.png,6852143,1,Passenger tram train realistic set with isolated images of public transport railroad cars and electric trams illustration,https://www.freepik.com/free-vector/passenger-tram-train-realistic-set-with-isolated-images-public-transport-railroad-cars-electric-trams-illustration_6852143.htm,https://img.freepik.com/free-vector/passenger-tram-train-realistic-set-with-isolated-images-public-transport-railroad-cars-electric-trams-illustration_1284-28538.jpg,macrovector,4,tram / light rail,estimated,0,347,626,101,1589.06,614,109
freepik_estimated-tram_6852143_05_passenger-tram-train-realistic-set-with-isolated.png,6852143,1,Passenger tram train realistic set with isolated images of public transport railroad cars and electric trams illustration,https://www.freepik.com/free-vector/passenger-tram-train-realistic-set-with-isolated-images-public-transport-railroad-cars-electric-trams-illustration_6852143.htm,https://img.freepik.com/free-vector/passenger-tram-train-realistic-set-with-isolated-images-public-transport-railroad-cars-electric-trams-illustration_1284-28538.jpg,macrovector,5,tram / light rail,estimated,0,460,626,84,1791.18,618,99
freepik_estimated-steam-locomotive_2872087_01_high-speed-realistic-modern-train-locomotive-rai.png,2872087,1,High speed realistic modern train locomotive on railroad,https://www.freepik.com/free-vector/high-speed-realistic-modern-train-locomotive-railroad_2872087.htm,https://img.freepik.com/free-vector/high-speed-realistic-modern-train-locomotive-railroad_1284-7135.jpg,macrovector,1,steam locomotive,estimated,0,152,626,305,935.14,618,272
freepik_estimated-steam-locomotive_2872087_02_high-speed-realistic-modern-train-locomotive-rai.png,2872087,1,High speed realistic modern train locomotive on railroad,https://www.freepik.com/free-vector/high-speed-realistic-modern-train-locomotive-railroad_2872087.htm,https://img.freepik.com/free-vector/high-speed-realistic-modern-train-locomotive-railroad_1284-7135.jpg,macrovector,2,steam locomotive,estimated,158,501,310,47,877.82,420,72
freepik_estimated-train-sideview_12909896_01_flat-city-transport-colorful-template-with-train.png,12909896,1,Flat city transport colorful template with train moving on railroad on bridge on cityscape,https://www.freepik.com/free-vector/flat-city-transport-colorful-template-with-train-moving-railroad-bridge-cityscape_12909896.htm,https://img.freepik.com/free-vector/flat-city-transport-colorful-template-with-train-moving-railroad-bridge-cityscape_1284-50966.jpg,macrovector,1,generic train side-view,estimated,20,26,261,46,691.59,420,100
freepik_estimated-train-sideview_1112903_01_red-train-collection.png,1112903,1,Red train collection,https://www.freepik.com/free-vector/red-train-collection_1112903.htm,https://img.freepik.com/free-vector/red-train-collection_23-2147623396.jpg,freepik,1,generic train side-view,estimated,102,21,422,69,1066.08,420,76
freepik_estimated-train-sideview_1112903_02_red-train-collection.png,1112903,1,Red train collection,https://www.freepik.com/free-vector/red-train-collection_1112903.htm,https://img.freepik.com/free-vector/red-train-collection_23-2147623396.jpg,freepik,2,generic train side-view,estimated,56,92,514,119,1054.45,486,118
freepik_estimated-train-sideview_1112903_03_red-train-collection.png,1112903,1,Red train collection,https://www.freepik.com/free-vector/red-train-collection_1112903.htm,https://img.freepik.com/free-vector/red-train-collection_23-2147623396.jpg,freepik,3,generic train side-view,estimated,65,201,496,139,928.11,470,134
freepik_estimated-train-sideview_1112903_04_red-train-collection.png,1112903,1,Red train collection,https://www.freepik.com/free-vector/red-train-collection_1112903.htm,https://img.freepik.com/free-vector/red-train-collection_23-2147623396.jpg,freepik,4,generic train side-view,estimated,64,327,498,135,951.15,472,129
freepik_estimated-train-sideview_1112903_05_red-train-collection.png,1112903,1,Red train collection,https://www.freepik.com/free-vector/red-train-collection_1112903.htm,https://img.freepik.com/free-vector/red-train-collection_23-2147623396.jpg,freepik,5,generic train side-view,estimated,65,447,496,138,932.24,470,132
freepik_estimated-train-sideview_9463420_01_public-transport-orthogonal-set.png,9463420,2,Public Transport Orthogonal Set,https://www.freepik.com/free-vector/public-transport-orthogonal-set_9463420.htm,https://img.freepik.com/free-vector/public-transport-orthogonal-set_1284-36070.jpg,macrovector,1,generic train side-view,estimated,4,21,565,66,1730.44,543,73
freepik_estimated-train-sideview_9463420_02_public-transport-orthogonal-set.png,9463420,2,Public Transport Orthogonal Set,https://www.freepik.com/free-vector/public-transport-orthogonal-set_9463420.htm,https://img.freepik.com/free-vector/public-transport-orthogonal-set_1284-36070.jpg,macrovector,2,generic train side-view,estimated,7,88,546,85,1370.25,516,99
freepik_estimated-train-sideview_9463420_03_public-transport-orthogonal-set.png,9463420,2,Public Transport Orthogonal Set,https://www.freepik.com/free-vector/public-transport-orthogonal-set_9463420.htm,https://img.freepik.com/free-vector/public-transport-orthogonal-set_1284-36070.jpg,macrovector,3,generic train side-view,estimated,54,158,459,117,898.92,438,141
freepik_estimated-train-sideview_9463420_04_public-transport-orthogonal-set.png,9463420,2,Public Transport Orthogonal Set,https://www.freepik.com/free-vector/public-transport-orthogonal-set_9463420.htm,https://img.freepik.com/free-vector/public-transport-orthogonal-set_1284-36070.jpg,macrovector,4,generic train side-view,estimated,4,264,553,99,1291.02,524,102
freepik_estimated-train-sideview_9463420_05_public-transport-orthogonal-set.png,9463420,2,Public Transport Orthogonal Set,https://www.freepik.com/free-vector/public-transport-orthogonal-set_9463420.htm,https://img.freepik.com/free-vector/public-transport-orthogonal-set_1284-36070.jpg,macrovector,5,generic train side-view,estimated,0,346,555,192,941.18,534,218
freepik_estimated-train-sideview_9463420_06_public-transport-orthogonal-set.png,9463420,2,Public Transport Orthogonal Set,https://www.freepik.com/free-vector/public-transport-orthogonal-set_9463420.htm,https://img.freepik.com/free-vector/public-transport-orthogonal-set_1284-36070.jpg,macrovector,6,generic train side-view,estimated,0,524,569,81,1569.43,555,87
freepik_estimated-train-sideview_1112979_01_all-times-train-collecti.png,1112979,2,All times train collecti,https://www.freepik.com/free-vector/all-times-train-collecti_1112979.htm,https://img.freepik.com/free-vector/all-times-train-collecti_23-2147622830.jpg,freepik,1,generic train side-view,estimated,135,203,356,120,605.56,420,145
freepik_estimated-train-sideview_1112979_02_all-times-train-collecti.png,1112979,2,All times train collecti,https://www.freepik.com/free-vector/all-times-train-collecti_1112979.htm,https://img.freepik.com/free-vector/all-times-train-collecti_23-2147622830.jpg,freepik,2,generic train side-view,estimated,133,336,360,136,582.0,420,159
freepik_estimated-train-sideview_1112979_03_all-times-train-collecti.png,1112979,2,All times train collecti,https://www.freepik.com/free-vector/all-times-train-collecti_1112979.htm,https://img.freepik.com/free-vector/all-times-train-collecti_23-2147622830.jpg,freepik,3,generic train side-view,estimated,130,484,366,111,657.2,420,148
freepik_estimated-steam-locomotive_10606398_01_different-trains-set-locomotive-passenger-carria.png,10606398,2,"Different trains set. Locomotive, passenger carriage, freight wagon, tank car, commuter rail. Vector illustrations for travel, commuting, cargo, railway transport concept",https://www.freepik.com/free-vector/different-trains-set-locomotive-passenger-carriage-freight-wagon-tank-car-commuter-rail-vector-illustrations-travel-commuting-cargo-railway-transport-concept_10606398.htm,https://img.freepik.com/free-vector/different-trains-set-locomotive-passenger-carriage-freight-wagon-tank-car-commuter-rail-vector-illustrations-travel-commuting-cargo-railway-transport-concept_74855-9853.jpg,pch.vector,1,steam locomotive,estimated,7,7,421,90,898.77,420,98
freepik_estimated-steam-locomotive_10606398_02_different-trains-set-locomotive-passenger-carria.png,10606398,2,"Different trains set. Locomotive, passenger carriage, freight wagon, tank car, commuter rail. Vector illustrations for travel, commuting, cargo, railway transport concept",https://www.freepik.com/free-vector/different-trains-set-locomotive-passenger-carriage-freight-wagon-tank-car-commuter-rail-vector-illustrations-travel-commuting-cargo-railway-transport-concept_10606398.htm,https://img.freepik.com/free-vector/different-trains-set-locomotive-passenger-carriage-freight-wagon-tank-car-commuter-rail-vector-illustrations-travel-commuting-cargo-railway-transport-concept_74855-9853.jpg,pch.vector,2,steam locomotive,estimated,0,101,440,74,1090.09,421,78
freepik_estimated-steam-locomotive_10606398_03_different-trains-set-locomotive-passenger-carria.png,10606398,2,"Different trains set. Locomotive, passenger carriage, freight wagon, tank car, commuter rail. Vector illustrations for travel, commuting, cargo, railway transport concept",https://www.freepik.com/free-vector/different-trains-set-locomotive-passenger-carriage-freight-wagon-tank-car-commuter-rail-vector-illustrations-travel-commuting-cargo-railway-transport-concept_10606398.htm,https://img.freepik.com/free-vector/different-trains-set-locomotive-passenger-carriage-freight-wagon-tank-car-commuter-rail-vector-illustrations-travel-commuting-cargo-railway-transport-concept_74855-9853.jpg,pch.vector,3,steam locomotive,estimated,0,177,622,88,1671.78,600,106
freepik_estimated-metro-emu_4579097_01_people-subway-background.png,4579097,2,People on the subway background,https://www.freepik.com/free-vector/people-subway-background_4579097.htm,https://img.freepik.com/free-vector/people-subway-background_23-2148177944.jpg,freepik,1,metro EMU,estimated,333,529,293,40,966.65,420,60
freepik_estimated-train-sideview_1106071_01_set-modern-watercolor-trains.png,1106071,2,Set of modern watercolor trains,https://www.freepik.com/free-vector/set-modern-watercolor-trains_1106071.htm,https://img.freepik.com/free-vector/set-modern-watercolor-trains_23-2147619137.jpg,freepik,1,generic train side-view,estimated,0,2,500,259,709.32,492,256
freepik_estimated-train-sideview_1106071_03_set-modern-watercolor-trains.png,1106071,2,Set of modern watercolor trains,https://www.freepik.com/free-vector/set-modern-watercolor-trains_1106071.htm,https://img.freepik.com/free-vector/set-modern-watercolor-trains_23-2147619137.jpg,freepik,3,generic train side-view,estimated,280,297,163,84,216.13,420,243
freepik_estimated-train-sideview_3887349_01_train-icons-set.png,3887349,2,Train icons set,https://www.freepik.com/free-vector/train-icons-set_3887349.htm,https://img.freepik.com/free-vector/train-icons-set_1284-11716.jpg,macrovector,1,generic train side-view,estimated,25,2,577,53,2034.37,546,59
freepik_estimated-train-sideview_3887349_02_train-icons-set.png,3887349,2,Train icons set,https://www.freepik.com/free-vector/train-icons-set_3887349.htm,https://img.freepik.com/free-vector/train-icons-set_1284-11716.jpg,macrovector,2,generic train side-view,estimated,24,54,577,56,1956.59,547,62
freepik_estimated-train-sideview_3887349_03_train-icons-set.png,3887349,2,Train icons set,https://www.freepik.com/free-vector/train-icons-set_3887349.htm,https://img.freepik.com/free-vector/train-icons-set_1284-11716.jpg,macrovector,3,generic train side-view,estimated,19,108,585,59,1929.59,555,65
freepik_estimated-train-sideview_3887349_04_train-icons-set.png,3887349,2,Train icons set,https://www.freepik.com/free-vector/train-icons-set_3887349.htm,https://img.freepik.com/free-vector/train-icons-set_1284-11716.jpg,macrovector,4,generic train side-view,estimated,16,163,590,64,1851.61,563,70
freepik_estimated-train-sideview_3887349_05_train-icons-set.png,3887349,2,Train icons set,https://www.freepik.com/free-vector/train-icons-set_3887349.htm,https://img.freepik.com/free-vector/train-icons-set_1284-11716.jpg,macrovector,5,generic train side-view,estimated,8,224,603,84,1602.74,575,92
freepik_estimated-train-sideview_3887349_06_train-icons-set.png,3887349,2,Train icons set,https://www.freepik.com/free-vector/train-icons-set_3887349.htm,https://img.freepik.com/free-vector/train-icons-set_1284-11716.jpg,macrovector,6,generic train side-view,estimated,20,298,594,77,1651.5,563,83
freepik_estimated-train-sideview_3887349_07_train-icons-set.png,3887349,2,Train icons set,https://www.freepik.com/free-vector/train-icons-set_3887349.htm,https://img.freepik.com/free-vector/train-icons-set_1284-11716.jpg,macrovector,7,generic train side-view,estimated,5,378,611,53,2219.59,581,61
freepik_estimated-train-sideview_3887349_08_train-icons-set.png,3887349,2,Train icons set,https://www.freepik.com/free-vector/train-icons-set_3887349.htm,https://img.freepik.com/free-vector/train-icons-set_1284-11716.jpg,macrovector,8,generic train side-view,estimated,18,423,583,76,1624.5,553,82
freepik_estimated-train-sideview_3887349_09_train-icons-set.png,3887349,2,Train icons set,https://www.freepik.com/free-vector/train-icons-set_3887349.htm,https://img.freepik.com/free-vector/train-icons-set_1284-11716.jpg,macrovector,9,generic train side-view,estimated,0,499,622,60,2105.79,594,68
freepik_estimated-train-sideview_9463423_01_railway-transport-orthogonal-illustration.png,9463423,2,Railway Transport Orthogonal Illustration,https://www.freepik.com/free-vector/railway-transport-orthogonal-illustration_9463423.htm,https://img.freepik.com/free-vector/railway-transport-orthogonal-illustration_1284-36071.jpg,macrovector,1,generic train side-view,estimated,0,305,626,61,2151.41,658,93
freepik_estimated-metro-emu_10600882_01_set-railway-trains-flat-style-transport-subway-t.png,10600882,2,"Set of railway trains in flat style. Transport subway, travel and vehicle",https://www.freepik.com/free-vector/set-railway-trains-flat-style-transport-subway-travel-vehicle_10600882.htm,https://img.freepik.com/free-vector/set-railway-trains-flat-style-transport-subway-travel-vehicle_1284-41569.jpg,macrovector,1,metro EMU,estimated,0,12,626,83,1706.49,595,91
freepik_estimated-metro-emu_10600882_02_set-railway-trains-flat-style-transport-subway-t.png,10600882,2,"Set of railway trains in flat style. Transport subway, travel and vehicle",https://www.freepik.com/free-vector/set-railway-trains-flat-style-transport-subway-travel-vehicle_10600882.htm,https://img.freepik.com/free-vector/set-railway-trains-flat-style-transport-subway-travel-vehicle_1284-41569.jpg,macrovector,2,metro EMU,estimated,12,101,602,77,1687.67,572,88
freepik_estimated-metro-emu_10600882_03_set-railway-trains-flat-style-transport-subway-t.png,10600882,2,"Set of railway trains in flat style. Transport subway, travel and vehicle",https://www.freepik.com/free-vector/set-railway-trains-flat-style-transport-subway-travel-vehicle_10600882.htm,https://img.freepik.com/free-vector/set-railway-trains-flat-style-transport-subway-travel-vehicle_1284-41569.jpg,macrovector,3,metro EMU,estimated,36,178,554,111,1221.59,524,111
freepik_estimated-metro-emu_10600882_04_set-railway-trains-flat-style-transport-subway-t.png,10600882,2,"Set of railway trains in flat style. Transport subway, travel and vehicle",https://www.freepik.com/free-vector/set-railway-trains-flat-style-transport-subway-travel-vehicle_10600882.htm,https://img.freepik.com/free-vector/set-railway-trains-flat-style-transport-subway-travel-vehicle_1284-41569.jpg,macrovector,4,metro EMU,estimated,35,281,556,100,1294.4,528,104
freepik_estimated-metro-emu_10600882_05_set-railway-trains-flat-style-transport-subway-t.png,10600882,2,"Set of railway trains in flat style. Transport subway, travel and vehicle",https://www.freepik.com/free-vector/set-railway-trains-flat-style-transport-subway-travel-vehicle_10600882.htm,https://img.freepik.com/free-vector/set-railway-trains-flat-style-transport-subway-travel-vehicle_1284-41569.jpg,macrovector,5,metro EMU,estimated,9,371,607,106,1440.5,578,111
freepik_estimated-train-sideview_1118931_02_train-station-background-flat-design.png,1118931,2,Train station background in flat design,https://www.freepik.com/free-vector/train-station-background-flat-design_1118931.htm,https://img.freepik.com/free-vector/train-station-background-flat-design_23-2147625234.jpg,freepik,2,generic train side-view,estimated,210,59,231,55,504.81,420,110
freepik_estimated-train-sideview_3796688_01_city-transportation-infographics-layout.png,3796688,2,City Transportation Infographics Layout,https://www.freepik.com/free-vector/city-transportation-infographics-layout_3796688.htm,https://img.freepik.com/free-vector/city-transportation-infographics-layout_1284-9632.jpg,macrovector,1,generic train side-view,estimated,0,0,626,327,902.19,629,344
freepik_estimated-train-sideview_3888752_01_speed-train-railway-station-realistic-poster.png,3888752,2,Speed Train Railway Station Realistic Poster,https://www.freepik.com/free-vector/speed-train-railway-station-realistic-poster_3888752.htm,https://img.freepik.com/free-vector/speed-train-railway-station-realistic-poster_1284-11869.jpg,macrovector,1,generic train side-view,estimated,220,0,406,68,998.14,430,92
freepik_estimated-high-speed-emu_3852013_01_illustration-speeding-train.png,3852013,3,Illustration of a speeding train,https://www.freepik.com/free-vector/illustration-speeding-train_3852013.htm,https://img.freepik.com/free-vector/illustration-speeding-train_53876-81040.jpg,rawpixel.com,1,high-speed EMU,estimated,118,205,390,189,556.82,420,210
freepik_estimated-high-speed-emu_26763436_01_railway-station-horizontal-banner-with-passenger.png,26763436,3,Railway station horizontal banner with passengers with suitcases boarding modern high speed train isometric vector illustration,https://www.freepik.com/free-vector/railway-station-horizontal-banner-with-passengers-with-suitcases-boarding-modern-high-speed-train-isometric-vector-illustration_26763436.htm,https://img.freepik.com/free-vector/railway-station-horizontal-banner-with-passengers-with-suitcases-boarding-modern-high-speed-train-isometric-vector-illustration_1284-71450.jpg,macrovector,1,high-speed EMU,estimated,416,53,186,51,374.66,420,152
freepik_estimated-high-speed-emu_26763436_02_railway-station-horizontal-banner-with-passenger.png,26763436,3,Railway station horizontal banner with passengers with suitcases boarding modern high speed train isometric vector illustration,https://www.freepik.com/free-vector/railway-station-horizontal-banner-with-passengers-with-suitcases-boarding-modern-high-speed-train-isometric-vector-illustration_26763436.htm,https://img.freepik.com/free-vector/railway-station-horizontal-banner-with-passengers-with-suitcases-boarding-modern-high-speed-train-isometric-vector-illustration_1284-71450.jpg,macrovector,2,high-speed EMU,estimated,415,92,188,54,365.93,420,157
freepik_estimated-high-speed-emu_26763436_03_railway-station-horizontal-banner-with-passenger.png,26763436,3,Railway station horizontal banner with passengers with suitcases boarding modern high speed train isometric vector illustration,https://www.freepik.com/free-vector/railway-station-horizontal-banner-with-passengers-with-suitcases-boarding-modern-high-speed-train-isometric-vector-illustration_26763436.htm,https://img.freepik.com/free-vector/railway-station-horizontal-banner-with-passengers-with-suitcases-boarding-modern-high-speed-train-isometric-vector-illustration_1284-71450.jpg,macrovector,3,high-speed EMU,estimated,417,159,186,45,411.6,420,119
freepik_estimated-train-sideview_23926660_01_public-transport-flat-flowchart.png,23926660,3,Public Transport Flat Flowchart,https://www.freepik.com/free-vector/public-transport-flat-flowchart_23926660.htm,https://img.freepik.com/free-vector/public-transport-flat-flowchart_1284-67638.jpg,macrovector,1,generic train side-view,estimated,0,44,406,77,963.46,420,101
freepik_estimated-train-sideview_23926660_02_public-transport-flat-flowchart.png,23926660,3,Public Transport Flat Flowchart,https://www.freepik.com/free-vector/public-transport-flat-flowchart_23926660.htm,https://img.freepik.com/free-vector/public-transport-flat-flowchart_1284-67638.jpg,macrovector,2,generic train side-view,estimated,395,44,228,44,583.34,420,123
freepik_estimated-train-sideview_23926660_03_public-transport-flat-flowchart.png,23926660,3,Public Transport Flat Flowchart,https://www.freepik.com/free-vector/public-transport-flat-flowchart_23926660.htm,https://img.freepik.com/free-vector/public-transport-flat-flowchart_1284-67638.jpg,macrovector,3,generic train side-view,estimated,404,74,211,46,497.15,420,126
freepik_estimated-train-sideview_31643731_01_people-public-transport-flat-set-with-characters.png,31643731,3,People in public transport flat set with characters waiting for bus going up escalator buying tickets isolated vector illustration,https://www.freepik.com/free-vector/people-public-transport-flat-set-with-characters-waiting-bus-going-up-escalator-buying-tickets-isolated-vector-illustration_31643731.htm,https://img.freepik.com/free-vector/people-public-transport-flat-set-with-characters-waiting-bus-going-up-escalator-buying-tickets-isolated-vector-illustration_1284-75403.jpg,macrovector,1,generic train side-view,estimated,383,25,208,90,309.27,420,197
freepik_estimated-train-sideview_31643731_02_people-public-transport-flat-set-with-characters.png,31643731,3,People in public transport flat set with characters waiting for bus going up escalator buying tickets isolated vector illustration,https://www.freepik.com/free-vector/people-public-transport-flat-set-with-characters-waiting-bus-going-up-escalator-buying-tickets-isolated-vector-illustration_31643731.htm,https://img.freepik.com/free-vector/people-public-transport-flat-set-with-characters-waiting-bus-going-up-escalator-buying-tickets-isolated-vector-illustration_1284-75403.jpg,macrovector,2,generic train side-view,estimated,26,33,333,83,663.59,420,114
freepik_estimated-train-sideview_31643731_05_people-public-transport-flat-set-with-characters.png,31643731,3,People in public transport flat set with characters waiting for bus going up escalator buying tickets isolated vector illustration,https://www.freepik.com/free-vector/people-public-transport-flat-set-with-characters-waiting-bus-going-up-escalator-buying-tickets-isolated-vector-illustration_31643731.htm,https://img.freepik.com/free-vector/people-public-transport-flat-set-with-characters-waiting-bus-going-up-escalator-buying-tickets-isolated-vector-illustration_1284-75403.jpg,macrovector,5,generic train side-view,estimated,308,213,302,95,533.94,420,139
freepik_estimated-train-sideview_31643731_08_people-public-transport-flat-set-with-characters.png,31643731,3,People in public transport flat set with characters waiting for bus going up escalator buying tickets isolated vector illustration,https://www.freepik.com/free-vector/people-public-transport-flat-set-with-characters-waiting-bus-going-up-escalator-buying-tickets-isolated-vector-illustration_31643731.htm,https://img.freepik.com/free-vector/people-public-transport-flat-set-with-characters-waiting-bus-going-up-escalator-buying-tickets-isolated-vector-illustration_1284-75403.jpg,macrovector,8,generic train side-view,estimated,9,399,603,95,1506.16,573,96
freepik_estimated-steam-locomotive_24781749_01_set-different-steam-locomotives.png,24781749,3,Set of different steam locomotives,https://www.freepik.com/free-vector/set-different-steam-locomotives_24781749.htm,https://img.freepik.com/free-vector/set-different-steam-locomotives_1308-94488.jpg,brgfx,1,steam locomotive,estimated,0,0,622,156,1269.92,605,152
freepik_estimated-steam-locomotive_24781749_02_set-different-steam-locomotives.png,24781749,3,Set of different steam locomotives,https://www.freepik.com/free-vector/set-different-steam-locomotives_24781749.htm,https://img.freepik.com/free-vector/set-different-steam-locomotives_1308-94488.jpg,brgfx,2,steam locomotive,estimated,0,148,626,168,1279.2,622,162
freepik_estimated-steam-locomotive_24781749_03_set-different-steam-locomotives.png,24781749,3,Set of different steam locomotives,https://www.freepik.com/free-vector/set-different-steam-locomotives_24781749.htm,https://img.freepik.com/free-vector/set-different-steam-locomotives_1308-94488.jpg,brgfx,3,steam locomotive,estimated,0,304,626,168,1266.56,619,163
freepik_estimated-steam-locomotive_24781749_04_set-different-steam-locomotives.png,24781749,3,Set of different steam locomotives,https://www.freepik.com/free-vector/set-different-steam-locomotives_24781749.htm,https://img.freepik.com/free-vector/set-different-steam-locomotives_1308-94488.jpg,brgfx,4,steam locomotive,estimated,0,459,626,165,1291.89,626,163
freepik_estimated-tram_32744803_01_public-transport-design-concept-set-landscapes-w.png,32744803,3,Public transport design concept set landscapes with tourist bus trolleybus high speed train taxi electric train tram and other transport vector illustration,https://www.freepik.com/free-vector/public-transport-design-concept-set-landscapes-with-tourist-bus-trolleybus-high-speed-train-taxi-electric-train-tram-other-transport-vector-illustration_32744803.htm,https://img.freepik.com/free-vector/public-transport-design-concept-set-landscapes-with-tourist-bus-trolleybus-high-speed-train-taxi-electric-train-tram-other-transport-vector-illustration_1284-76478.jpg,macrovector,1,tram / light rail,estimated,4,108,621,90,1602.82,589,108
freepik_estimated-train-sideview_425159735_01_blue-city-bus-vector-illustration-with-outline-v.png,425159735,5,Blue City Bus Vector Illustration with Outline Version,https://www.freepik.com/free-vector/blue-city-bus-vector-illustration-with-outline-version_425159735.htm,https://img.freepik.com/free-vector/blue-city-bus-vector-illustration-with-outline-version_1308-186201.jpg,brgfx,1,generic train side-view,estimated,0,251,626,301,952.44,635,323
freepik_estimated-train-sideview_427054804_01_red-city-bus-side-view-vector-illustration.png,427054804,7,Red City Bus Side View Vector Illustration,https://www.freepik.com/free-vector/red-city-bus-side-view-vector-illustration_427054804.htm,https://img.freepik.com/free-vector/red-city-bus-side-view-vector-illustration_1308-187869.jpg,brgfx,1,generic train side-view,estimated,0,251,626,301,952.44,635,323
freepik_estimated-metro-emu_33819311_01_subway-train-car-with-people-inside.png,33819311,8,Subway train car with people inside,https://www.freepik.com/free-vector/subway-train-car-with-people-inside_33819311.htm,https://img.freepik.com/free-vector/subway-train-car-with-people-inside_107791-16014.jpg,upklyak,1,metro EMU,estimated,0,0,626,54,2508.01,658,82
freepik_estimated-metro-emu_33819311_02_subway-train-car-with-people-inside.png,33819311,8,Subway train car with people inside,https://www.freepik.com/free-vector/subway-train-car-with-people-inside_33819311.htm,https://img.freepik.com/free-vector/subway-train-car-with-people-inside_107791-16014.jpg,upklyak,2,metro EMU,estimated,235,21,384,192,531.03,420,222
freepik_estimated-metro-emu_26762536_01_subway-advertising-mockup.png,26762536,8,Subway Advertising Mockup,https://www.freepik.com/free-vector/subway-advertising-mockup_26762536.htm,https://img.freepik.com/free-vector/subway-advertising-mockup_1284-70550.jpg,macrovector,1,metro EMU,estimated,0,267,626,48,2768.77,658,65
freepik_estimated-train-sideview_26764043_01_railway-station-isometric-infographics.png,26764043,9,Railway Station Isometric Infographics,https://www.freepik.com/free-vector/railway-station-isometric-infographics_26764043.htm,https://img.freepik.com/free-vector/railway-station-isometric-infographics_1284-72057.jpg,macrovector,1,generic train side-view,estimated,12,10,250,121,355.15,420,215
freepik_estimated-train-sideview_39093940_01_railroad-track-laying-construction-vehicles-rail.png,39093940,10,Railroad track laying construction vehicles railway equipment machines isometric infographics with editable text and bar charts vector illustration,https://www.freepik.com/free-vector/railroad-track-laying-construction-vehicles-railway-equipment-machines-isometric-infographics-with-editable-text-bar-charts-vector-illustration_39093940.htm,https://img.freepik.com/free-vector/railroad-track-laying-construction-vehicles-railway-equipment-machines-isometric-infographics-with-editable-text-bar-charts-vector-illustration_1284-80940.jpg,macrovector,1,generic train side-view,estimated,319,19,276,111,429.38,420,175
freepik_estimated-high-speed-emu_34379964_01_public-train-flat-background-with-passengers-wit.png,34379964,10,Public train flat background with passengers with suitcases waiting modern high speed train on platform vector illustration,https://www.freepik.com/free-vector/public-train-flat-background-with-passengers-with-suitcases-waiting-modern-high-speed-train-platform-vector-illustration_34379964.htm,https://img.freepik.com/free-vector/public-train-flat-background-with-passengers-with-suitcases-waiting-modern-high-speed-train-platform-vector-illustration_1284-77841.jpg,macrovector,1,high-speed EMU,estimated,0,0,346,78,726.3,420,87
freepik_estimated-train-sideview_24062812_01_comparative-adjectives-word-long.png,24062812,13,Comparative adjectives for word long,https://www.freepik.com/free-vector/comparative-adjectives-word-long_24062812.htm,https://img.freepik.com/free-vector/comparative-adjectives-word-long_1308-88070.jpg,brgfx,1,generic train side-view,estimated,292,127,223,79,375.22,420,158
freepik_estimated-train-sideview_24062812_02_comparative-adjectives-word-long.png,24062812,13,Comparative adjectives for word long,https://www.freepik.com/free-vector/comparative-adjectives-word-long_24062812.htm,https://img.freepik.com/free-vector/comparative-adjectives-word-long_1308-88070.jpg,brgfx,2,generic train side-view,estimated,102,375,192,79,294.17,420,190
freepik_estimated-train-sideview_4623950_01_travel-banner.png,4623950,14,Travel banner,https://www.freepik.com/free-vector/travel-banner_4623950.htm,https://img.freepik.com/free-vector/travel-banner_23-2148185457.jpg,freepik,1,generic train side-view,estimated,24,24,578,287,812.96,548,255
freepik_estimated-train-sideview_4623950_02_travel-banner.png,4623950,14,Travel banner,https://www.freepik.com/free-vector/travel-banner_4623950.htm,https://img.freepik.com/free-vector/travel-banner_23-2148185457.jpg,freepik,2,generic train side-view,estimated,24,287,578,287,812.96,548,255
freepik_estimated-train-sideview_1125361_01_variety-train-silhouettes.png,1125361,15,Variety of train silhouettes,https://www.freepik.com/free-vector/variety-train-silhouettes_1125361.htm,https://img.freepik.com/free-vector/variety-train-silhouettes_23-2147627015.jpg,freepik,1,generic train side-view,estimated,16,68,590,93,1481.29,560,98
freepik_estimated-train-sideview_1125361_02_variety-train-silhouettes.png,1125361,15,Variety of train silhouettes,https://www.freepik.com/free-vector/variety-train-silhouettes_1125361.htm,https://img.freepik.com/free-vector/variety-train-silhouettes_23-2147627015.jpg,freepik,2,generic train side-view,estimated,19,179,586,287,831.23,558,254
freepik_estimated-train-sideview_1125361_03_variety-train-silhouettes.png,1125361,15,Variety of train silhouettes,https://www.freepik.com/free-vector/variety-train-silhouettes_1125361.htm,https://img.freepik.com/free-vector/variety-train-silhouettes_23-2147627015.jpg,freepik,3,generic train side-view,estimated,28,483,579,82,1531.76,549,89
freepik_estimated-train-sideview_3762691_01_transports-sticker-collection.png,3762691,15,Transports sticker collection,https://www.freepik.com/free-vector/transports-sticker-collection_3762691.htm,https://img.freepik.com/free-vector/transports-sticker-collection_23-2148047968.jpg,freepik,1,generic train side-view,estimated,16,316,598,217,985.7,564,220
freepik_estimated-train-sideview_3762691_02_transports-sticker-collection.png,3762691,15,Transports sticker collection,https://www.freepik.com/free-vector/transports-sticker-collection_3762691.htm,https://img.freepik.com/free-vector/transports-sticker-collection_23-2148047968.jpg,freepik,2,generic train side-view,estimated,123,532,379,41,1315.2,420,54
freepik_estimated-metro-emu_3910232_01_underground-infographics-poster.png,3910232,16,Underground Infographics Poster,https://www.freepik.com/free-vector/underground-infographics-poster_3910232.htm,https://img.freepik.com/free-vector/underground-infographics-poster_1284-12303.jpg,macrovector,1,metro EMU,estimated,25,6,504,72,1352.93,478,76
freepik_estimated-train-sideview_829178_01_flat-travel-transport-collection.png,829178,16,Flat travel transport collection,https://www.freepik.com/free-vector/flat-travel-transport-collection_829178.htm,https://img.freepik.com/free-vector/flat-travel-transport-collection_23-2147532041.jpg,freepik,1,generic train side-view,estimated,0,312,626,127,1499.11,630,143
freepik_estimated-train-sideview_829178_02_flat-travel-transport-collection.png,829178,16,Flat travel transport collection,https://www.freepik.com/free-vector/flat-travel-transport-collection_829178.htm,https://img.freepik.com/free-vector/flat-travel-transport-collection_23-2147532041.jpg,freepik,2,generic train side-view,estimated,0,415,626,211,1137.17,630,228
freepik_estimated-train-sideview_6375418_01_singapore-cartoon-icons-set.png,6375418,16,Singapore cartoon icons set,https://www.freepik.com/free-vector/singapore-cartoon-icons-set_6375418.htm,https://img.freepik.com/free-vector/singapore-cartoon-icons-set_1284-25398.jpg,macrovector,1,generic train side-view,estimated,24,152,201,104,274.55,420,276
freepik_estimated-train-sideview_6375418_02_singapore-cartoon-icons-set.png,6375418,16,Singapore cartoon icons set,https://www.freepik.com/free-vector/singapore-cartoon-icons-set_6375418.htm,https://img.freepik.com/free-vector/singapore-cartoon-icons-set_1284-25398.jpg,macrovector,2,generic train side-view,estimated,401,232,219,84,350.74,420,175
freepik_estimated-train-sideview_6375418_03_singapore-cartoon-icons-set.png,6375418,16,Singapore cartoon icons set,https://www.freepik.com/free-vector/singapore-cartoon-icons-set_6375418.htm,https://img.freepik.com/free-vector/singapore-cartoon-icons-set_1284-25398.jpg,macrovector,3,generic train side-view,estimated,222,434,404,68,1015.1,420,78
freepik_estimated-steam-locomotive_26765600_01_steampunk-vertical-poster-with-editable-text-eve.png,26765600,17,Steampunk vertical poster with editable text and event date with images of flying airplane and train vector illustration,https://www.freepik.com/free-vector/steampunk-vertical-poster-with-editable-text-event-date-with-images-flying-airplane-train-vector-illustration_26765600.htm,https://img.freepik.com/free-vector/steampunk-vertical-poster-with-editable-text-event-date-with-images-flying-airplane-train-vector-illustration_1284-73614.jpg,macrovector,1,steam locomotive,estimated,12,17,419,132,738.27,420,151
freepik_estimated-steam-locomotive_26765600_02_steampunk-vertical-poster-with-editable-text-eve.png,26765600,17,Steampunk vertical poster with editable text and event date with images of flying airplane and train vector illustration,https://www.freepik.com/free-vector/steampunk-vertical-poster-with-editable-text-event-date-with-images-flying-airplane-train-vector-illustration_26765600.htm,https://img.freepik.com/free-vector/steampunk-vertical-poster-with-editable-text-event-date-with-images-flying-airplane-train-vector-illustration_1284-73614.jpg,macrovector,2,steam locomotive,estimated,92,511,257,42,724.62,420,81
freepik_estimated-train-sideview_26217078_01_cargo-container-freight-train-white-background.png,26217078,17,Cargo container of freight train on white background,https://www.freepik.com/free-vector/cargo-container-freight-train-white-background_26217078.htm,https://img.freepik.com/free-vector/cargo-container-freight-train-white-background_1308-103263.jpg,brgfx,1,generic train side-view,estimated,0,0,626,293,978.91,643,314
freepik_estimated-train-sideview_26217078_02_cargo-container-freight-train-white-background.png,26217078,17,Cargo container of freight train on white background,https://www.freepik.com/free-vector/cargo-container-freight-train-white-background_26217078.htm,https://img.freepik.com/free-vector/cargo-container-freight-train-white-background_1308-103263.jpg,brgfx,2,generic train side-view,estimated,0,239,626,293,978.91,643,314
freepik_estimated-steam-locomotive_1111353_01_flat-locomotive-with-four-wagons.png,1111353,18,Flat locomotive with four wagons,https://www.freepik.com/free-vector/flat-locomotive-with-four-wagons_1111353.htm,https://img.freepik.com/free-vector/flat-locomotive-with-four-wagons_23-2147622063.jpg,freepik,1,steam locomotive,estimated,61,48,502,194,800.3,477,178
freepik_estimated-steam-locomotive_1111353_02_flat-locomotive-with-four-wagons.png,1111353,18,Flat locomotive with four wagons,https://www.freepik.com/free-vector/flat-locomotive-with-four-wagons_1111353.htm,https://img.freepik.com/free-vector/flat-locomotive-with-four-wagons_23-2147622063.jpg,freepik,2,steam locomotive,estimated,34,282,260,109,399.05,420,181
freepik_estimated-train-sideview_43671042_01_flat-design-train-travel-horizontal-banner.png,43671042,18,Flat design train travel horizontal banner,https://www.freepik.com/free-vector/flat-design-train-travel-horizontal-banner_43671042.htm,https://img.freepik.com/free-vector/flat-design-train-travel-horizontal-banner_23-2150443433.jpg,freepik,1,generic train side-view,estimated,43,64,187,83,273.18,420,205
freepik_estimated-train-sideview_24539404_01_baltimore-maryland-usa-landmarks-white-backgroun.png,24539404,19,Baltimore Maryland USA landmarks at white background Vector Illustration Business travel and tourism concept with modern buildings Image for banner or web site,https://www.freepik.com/free-vector/baltimore-maryland-usa-landmarks-white-background-vector-illustration-business-travel-tourism-concept-with-modern-buildings-image-banner-web-site_24539404.htm,https://img.freepik.com/free-vector/baltimore-maryland-usa-landmarks-white-background-vector-illustration-business-travel-tourism-concept-with-modern-buildings-image-banner-web-site_596401-402.jpg,Sky and Glass,1,generic train side-view,estimated,7,24,611,173,1137.01,582,183
freepik_estimated-train-sideview_24539404_02_baltimore-maryland-usa-landmarks-white-backgroun.png,24539404,19,Baltimore Maryland USA landmarks at white background Vector Illustration Business travel and tourism concept with modern buildings Image for banner or web site,https://www.freepik.com/free-vector/baltimore-maryland-usa-landmarks-white-background-vector-illustration-business-travel-tourism-concept-with-modern-buildings-image-banner-web-site_24539404.htm,https://img.freepik.com/free-vector/baltimore-maryland-usa-landmarks-white-background-vector-illustration-business-travel-tourism-concept-with-modern-buildings-image-banner-web-site_596401-402.jpg,Sky and Glass,2,generic train side-view,estimated,7,163,611,280,898.09,582,279
freepik_estimated-tram_26762382_01_public-transport-top-view-realistic-icons-set-wi.png,26762382,19,Public transport top view realistic icons set with bus taxi tram train isolated on white background vector illustration,https://www.freepik.com/free-vector/public-transport-top-view-realistic-icons-set-with-bus-taxi-tram-train-isolated-white-background-vector-illustration_26762382.htm,https://img.freepik.com/free-vector/public-transport-top-view-realistic-icons-set-with-bus-taxi-tram-train-isolated-white-background-vector-illustration_1284-70395.jpg,macrovector,1,tram / light rail,estimated,224,371,293,110,475.47,420,164
freepik_estimated-train-sideview_4167321_01_set-various-land-vehicles.png,4167321,20,Set of various land vehicles,https://www.freepik.com/free-vector/set-various-land-vehicles_4167321.htm,https://img.freepik.com/free-vector/set-various-land-vehicles_74855-228.jpg,pch.vector,1,generic train side-view,estimated,9,16,611,98,1509.49,582,104
freepik_estimated-train-sideview_4167321_02_set-various-land-vehicles.png,4167321,20,Set of various land vehicles,https://www.freepik.com/free-vector/set-various-land-vehicles_4167321.htm,https://img.freepik.com/free-vector/set-various-land-vehicles_74855-228.jpg,pch.vector,2,generic train side-view,estimated,99,109,290,69,609.41,420,110
freepik_estimated-train-sideview_4167321_04_set-various-land-vehicles.png,4167321,20,Set of various land vehicles,https://www.freepik.com/free-vector/set-various-land-vehicles_4167321.htm,https://img.freepik.com/free-vector/set-various-land-vehicles_74855-228.jpg,pch.vector,4,generic train side-view,estimated,22,173,227,82,377.27,420,181
freepik_estimated-train-sideview_4167321_06_set-various-land-vehicles.png,4167321,20,Set of various land vehicles,https://www.freepik.com/free-vector/set-various-land-vehicles_4167321.htm,https://img.freepik.com/free-vector/set-various-land-vehicles_74855-228.jpg,pch.vector,6,generic train side-view,estimated,0,255,626,118,1481.29,611,135
freepik_estimated-train-sideview_1114167_01_collection-different-types-trains.png,1114167,20,Collection of different types of trains,https://www.freepik.com/free-vector/collection-different-types-trains_1114167.htm,https://img.freepik.com/free-vector/collection-different-types-trains_23-2147623811.jpg,freepik,1,generic train side-view,estimated,206,64,214,55,446.13,420,119
freepik_estimated-train-sideview_1114167_02_collection-different-types-trains.png,1114167,20,Collection of different types of trains,https://www.freepik.com/free-vector/collection-different-types-trains_1114167.htm,https://img.freepik.com/free-vector/collection-different-types-trains_23-2147623811.jpg,freepik,2,generic train side-view,estimated,34,129,558,126,1167.33,531,125
freepik_estimated-train-sideview_1114167_03_collection-different-types-trains.png,1114167,20,Collection of different types of trains,https://www.freepik.com/free-vector/collection-different-types-trains_1114167.htm,https://img.freepik.com/free-vector/collection-different-types-trains_23-2147623811.jpg,freepik,3,generic train side-view,estimated,14,295,600,106,1413.72,573,110
freepik_estimated-train-sideview_1114167_04_collection-different-types-trains.png,1114167,20,Collection of different types of trains,https://www.freepik.com/free-vector/collection-different-types-trains_1114167.htm,https://img.freepik.com/free-vector/collection-different-types-trains_23-2147623811.jpg,freepik,4,generic train side-view,estimated,0,444,626,100,1574.56,602,106
freepik_estimated-train-sideview_26764509_01_isometric-electric-transport-ecology-friendly-ve.png,26764509,21,Isometric electric transport ecology friendly vehicle icon set with bicycle scooter car scooter trolley bus highspeed train for example vector illustration,https://www.freepik.com/free-vector/isometric-electric-transport-ecology-friendly-vehicle-icon-set-with-bicycle-scooter-car-scooter-trolley-bus-highspeed-train-example-vector-illustration_26764509.htm,https://img.freepik.com/free-vector/isometric-electric-transport-ecology-friendly-vehicle-icon-set-with-bicycle-scooter-car-scooter-trolley-bus-highspeed-train-example-vector-illustration_1284-72523.jpg,macrovector,1,generic train side-view,estimated,0,262,542,197,916.08,522,221
freepik_estimated-metro-emu_31643754_01_public-transport-flat-background-with-subway-sub.png,31643754,22,Public transport flat background with subway or suburban train and people on platform vector illustration,https://www.freepik.com/free-vector/public-transport-flat-background-with-subway-suburban-train-people-platform-vector-illustration_31643754.htm,https://img.freepik.com/free-vector/public-transport-flat-background-with-subway-suburban-train-people-platform-vector-illustration_1284-75415.jpg,macrovector,1,metro EMU,estimated,6,70,614,213,1034.64,584,197
freepik_estimated-train-sideview_26477552_01_train-conductor-railway-worker-uniform-duty-trai.png,26477552,22,Train conductor Railway worker in uniform on duty Train attendant help passenger in journey Traveling by train Idea of professional occupation and tourism Vector illustration,https://www.freepik.com/free-vector/train-conductor-railway-worker-uniform-duty-train-attendant-help-passenger-journey-traveling-by-train-idea-professional-occupation-tourism-vector-illustration_26477552.htm,https://img.freepik.com/free-vector/train-conductor-railway-worker-uniform-duty-train-attendant-help-passenger-journey-traveling-by-train-idea-professional-occupation-tourism-vector-illustration_613284-1760.jpg,vector4stock,1,generic train side-view,estimated,156,13,314,51,843.41,420,76
freepik_estimated-steam-locomotive_1107436_01_flat-locomotive-collection.png,1107436,24,Flat locomotive collection,https://www.freepik.com/free-vector/flat-locomotive-collection_1107436.htm,https://img.freepik.com/free-vector/flat-locomotive-collection_23-2147619993.jpg,freepik,1,steam locomotive,estimated,78,35,455,52,1449.97,433,57
freepik_estimated-steam-locomotive_1107436_02_flat-locomotive-collection.png,1107436,24,Flat locomotive collection,https://www.freepik.com/free-vector/flat-locomotive-collection_1107436.htm,https://img.freepik.com/free-vector/flat-locomotive-collection_23-2147619993.jpg,freepik,2,steam locomotive,estimated,23,152,596,128,1271.72,564,133
freepik_estimated-steam-locomotive_1107436_03_flat-locomotive-collection.png,1107436,24,Flat locomotive collection,https://www.freepik.com/free-vector/flat-locomotive-collection_1107436.htm,https://img.freepik.com/free-vector/flat-locomotive-collection_23-2147619993.jpg,freepik,3,steam locomotive,estimated,7,269,612,130,1314.83,582,153
freepik_estimated-steam-locomotive_1107436_04_flat-locomotive-collection.png,1107436,24,Flat locomotive collection,https://www.freepik.com/free-vector/flat-locomotive-collection_1107436.htm,https://img.freepik.com/free-vector/flat-locomotive-collection_23-2147619993.jpg,freepik,4,steam locomotive,estimated,7,389,612,129,1321.08,582,152
freepik_estimated-train-sideview_23714953_01_letter-h-helicopter.png,23714953,25,A letter H for helicopter,https://www.freepik.com/free-vector/letter-h-helicopter_23714953.htm,https://img.freepik.com/free-vector/letter-h-helicopter_1308-83079.jpg,brgfx,1,generic train side-view,estimated,268,237,355,95,680.06,420,126
freepik_estimated-train-sideview_33465534_01_world-civil-aviation-day-banner-design.png,33465534,26,World Civil Aviation Day Banner Design,https://www.freepik.com/free-vector/world-civil-aviation-day-banner-design_33465534.htm,https://img.freepik.com/free-vector/world-civil-aviation-day-banner-design_1308-120426.jpg,brgfx,1,generic train side-view,estimated,47,114,575,106,1297.09,576,126
freepik_estimated-train-sideview_33770637_01_bus-mockup-realistic-set-with-isolated-images-wh.png,33770637,26,Bus mockup realistic set with isolated images of white and yellow colored trolleybuses on blank background vector illustration,https://www.freepik.com/free-vector/bus-mockup-realistic-set-with-isolated-images-white-yellow-colored-trolleybuses-blank-background-vector-illustration_33770637.htm,https://img.freepik.com/free-vector/bus-mockup-realistic-set-with-isolated-images-white-yellow-colored-trolleybuses-blank-background-vector-illustration_1284-76878.jpg,macrovector,1,generic train side-view,estimated,1,36,625,86,1721.61,608,104
freepik_estimated-train-sideview_33770637_02_bus-mockup-realistic-set-with-isolated-images-wh.png,33770637,26,Bus mockup realistic set with isolated images of white and yellow colored trolleybuses on blank background vector illustration,https://www.freepik.com/free-vector/bus-mockup-realistic-set-with-isolated-images-white-yellow-colored-trolleybuses-blank-background-vector-illustration_33770637.htm,https://img.freepik.com/free-vector/bus-mockup-realistic-set-with-isolated-images-white-yellow-colored-trolleybuses-blank-background-vector-illustration_1284-76878.jpg,macrovector,2,generic train side-view,estimated,11,163,227,83,374.44,420,184
freepik_estimated-train-sideview_33770637_03_bus-mockup-realistic-set-with-isolated-images-wh.png,33770637,26,Bus mockup realistic set with isolated images of white and yellow colored trolleybuses on blank background vector illustration,https://www.freepik.com/free-vector/bus-mockup-realistic-set-with-isolated-images-white-yellow-colored-trolleybuses-blank-background-vector-illustration_33770637.htm,https://img.freepik.com/free-vector/bus-mockup-realistic-set-with-isolated-images-white-yellow-colored-trolleybuses-blank-background-vector-illustration_1284-76878.jpg,macrovector,3,generic train side-view,estimated,320,163,226,83,371.78,420,184
freepik_estimated-train-sideview_26763346_01_railway-station-design-concept.png,26763346,26,Railway Station Design Concept,https://www.freepik.com/free-vector/railway-station-design-concept_26763346.htm,https://img.freepik.com/free-vector/railway-station-design-concept_1284-71360.jpg,macrovector,1,generic train side-view,estimated,180,28,265,42,761.31,420,77
freepik_estimated-train-sideview_29791225_01_flat-background-world-tourism-day-celebration.png,29791225,26,Flat background for world tourism day celebration,https://www.freepik.com/free-vector/flat-background-world-tourism-day-celebration_29791225.htm,https://img.freepik.com/free-vector/flat-background-world-tourism-day-celebration_23-2149538090.jpg,freepik,1,generic train side-view,estimated,144,18,346,68,801.28,420,91
freepik_estimated-metro-emu_24824895_01_people-subway-train-car-interior-men-women-kids.png,24824895,27,People at subway train car interior Men women and kids reading book listen music sit and stand with pets in metro wagon Underground railway commuter with passengers Line art vector illustration,https://www.freepik.com/free-vector/people-subway-train-car-interior-men-women-kids-reading-book-listen-music-sit-stand-with-pets-metro-wagon-underground-railway-commuter-with-passengers-line-art-vector-illustration_24824895.htm,https://img.freepik.com/free-vector/people-subway-train-car-interior-men-women-kids-reading-book-listen-music-sit-stand-with-pets-metro-wagon-underground-railway-commuter-with-passengers-line-art-vector-illustration_107791-11106.jpg,upklyak,1,metro EMU,estimated,138,0,303,39,961.51,420,69
freepik_estimated-train-sideview_39093723_01_railroad-track-laying-construction-vehicles-rail.png,39093723,29,Railroad track laying construction vehicles railway equipment machines isometric flowchart composition of building machinery and workers vector illustration,https://www.freepik.com/free-vector/railroad-track-laying-construction-vehicles-railway-equipment-machines-isometric-flowchart-composition-building-machinery-workers-vector-illustration_39093723.htm,https://img.freepik.com/free-vector/railroad-track-laying-construction-vehicles-railway-equipment-machines-isometric-flowchart-composition-building-machinery-workers-vector-illustration_1284-80909.jpg,macrovector,1,generic train side-view,estimated,197,0,170,80,225.22,420,237
freepik_estimated-train-sideview_36767098_01_trolleybus-realistic-set-with-city-transportatio.png,36767098,31,Trolleybus realistic set with city transportation symbols isolated vector illustration,https://www.freepik.com/free-vector/trolleybus-realistic-set-with-city-transportation-symbols-isolated-vector-illustration_36767098.htm,https://img.freepik.com/free-vector/trolleybus-realistic-set-with-city-transportation-symbols-isolated-vector-illustration_1284-78058.jpg,macrovector,1,generic train side-view,estimated,0,42,626,86,1721.61,608,104
freepik_estimated-train-sideview_36767098_02_trolleybus-realistic-set-with-city-transportatio.png,36767098,31,Trolleybus realistic set with city transportation symbols isolated vector illustration,https://www.freepik.com/free-vector/trolleybus-realistic-set-with-city-transportation-symbols-isolated-vector-illustration_36767098.htm,https://img.freepik.com/free-vector/trolleybus-realistic-set-with-city-transportation-symbols-isolated-vector-illustration_1284-78058.jpg,macrovector,2,generic train side-view,estimated,5,167,232,88,374.12,420,188
freepik_estimated-train-sideview_36767098_03_trolleybus-realistic-set-with-city-transportatio.png,36767098,31,Trolleybus realistic set with city transportation symbols isolated vector illustration,https://www.freepik.com/free-vector/trolleybus-realistic-set-with-city-transportation-symbols-isolated-vector-illustration_36767098.htm,https://img.freepik.com/free-vector/trolleybus-realistic-set-with-city-transportation-symbols-isolated-vector-illustration_1284-78058.jpg,macrovector,3,generic train side-view,estimated,309,168,232,87,376.75,420,187
freepik_estimated-train-sideview_25033324_01_airplane-cabin-with-passengers-stewardesses.png,25033324,32,Airplane cabin with passengers and stewardesses,https://www.freepik.com/free-vector/airplane-cabin-with-passengers-stewardesses_25033324.htm,https://img.freepik.com/free-vector/airplane-cabin-with-passengers-stewardesses_107791-11189.jpg,upklyak,1,generic train side-view,estimated,15,10,596,93,1497.54,564,97
freepik_estimated-train-sideview_25033324_02_airplane-cabin-with-passengers-stewardesses.png,25033324,32,Airplane cabin with passengers and stewardesses,https://www.freepik.com/free-vector/airplane-cabin-with-passengers-stewardesses_25033324.htm,https://img.freepik.com/free-vector/airplane-cabin-with-passengers-stewardesses_107791-11189.jpg,upklyak,2,generic train side-view,estimated,0,86,626,190,1184.31,616,198
